id,name
042fa7f4-7169-460c-ae79-eeb5d8a9c4bf,Client_27
20063fb2-5025-414b-9fc8-31128b04d710,Client_20
20a1fd78-8568-4070-b39d-eb07b121602a,Client_14
2660c0f0-989d-46f3-b210-02519d1512e5,Client_18
2ba85009-eedb-475a-bf49-e4c621b233b0,Client_28
2caf3420-1d45-41ef-8c60-50194805ee39,Client_15
2e360c45-9718-47db-9215-ee88f9611ed0,Client_3
2e59fab9-d46e-4e7e-a415-e9d5229c04bd,Client_6
32146677-50cb-4c9e-b9ae-05aac25f8787,Client_13
329e1c5e-85e0-4a15-ac79-8e435b60aec4,Client_22
3932f710-054e-4791-903b-734d75464f4f,Client_8
446dad4a-30b5-431f-9db9-b10e4320307c,Client_25
46be762f-262b-4247-8627-d3442bcafa95,Client_17
4ab3fbab-df83-451c-ac68-d718602e2b13,Client_21
4da9fbab-5d8e-49e3-b1b3-5068e0c8ad8f,Client_7
5e03d5ad-e8ba-40d4-958a-3163961dc78b,Client_4
7be7d047-a7ee-4444-90ea-68cbc56af416,Client_10
7c399358-db9d-4cf8-8c1c-e87e53fd7cbf,Client_5
7f2dbbc8-dcb7-48e6-8b42-c429aebf52c4,Client_19
8030b136-b3b4-4ebe-8b67-1a15f80176db,Client_2
95cc7abf-99e5-4622-867f-b785bca2de57,Client_26
b3299674-ed24-4f11-9410-a1564782990d,Client_23
b3ba60cc-4d13-4f00-8b41-982ec6d08638,Client_11
bbfc7e53-5962-47b5-89ae-5257a0e8c4fb,Client_9
c182c948-af99-4a13-ab31-e56073f79516,Client_30
cddfc824-f544-408c-b511-8b6213d039bf,Client_29
d76e1d4e-0007-44ac-9be4-08c630eaf6fb,Client_16
d891569d-eb56-420e-9ff9-5c8b05983262,Client_12
e452c200-3b67-4524-a3a5-3a63c8bd3b69,Client_1
f9a25092-f6ac-408e-baa3-9430876e3e41,Client_24
