INSERT INTO client (id, name) VALUES ('e452c200-3b67-4524-a3a5-3a63c8bd3b69', 'Client_1');
INSERT INTO client (id, name) VALUES ('8030b136-b3b4-4ebe-8b67-1a15f80176db', 'Client_2');
INSERT INTO client (id, name) VALUES ('2e360c45-9718-47db-9215-ee88f9611ed0', 'Client_3');
INSERT INTO client (id, name) VALUES ('5e03d5ad-e8ba-40d4-958a-3163961dc78b', 'Client_4');
INSERT INTO client (id, name) VALUES ('7c399358-db9d-4cf8-8c1c-e87e53fd7cbf', 'Client_5');
INSERT INTO client (id, name) VALUES ('2e59fab9-d46e-4e7e-a415-e9d5229c04bd', 'Client_6');
INSERT INTO client (id, name) VALUES ('4da9fbab-5d8e-49e3-b1b3-5068e0c8ad8f', 'Client_7');
INSERT INTO client (id, name) VALUES ('3932f710-054e-4791-903b-734d75464f4f', 'Client_8');
INSERT INTO client (id, name) VALUES ('bbfc7e53-5962-47b5-89ae-5257a0e8c4fb', 'Client_9');
INSERT INTO client (id, name) VALUES ('7be7d047-a7ee-4444-90ea-68cbc56af416', 'Client_10');
INSERT INTO client (id, name) VALUES ('b3ba60cc-4d13-4f00-8b41-982ec6d08638', 'Client_11');
INSERT INTO client (id, name) VALUES ('d891569d-eb56-420e-9ff9-5c8b05983262', 'Client_12');
INSERT INTO client (id, name) VALUES ('32146677-50cb-4c9e-b9ae-05aac25f8787', 'Client_13');
INSERT INTO client (id, name) VALUES ('20a1fd78-8568-4070-b39d-eb07b121602a', 'Client_14');
INSERT INTO client (id, name) VALUES ('2caf3420-1d45-41ef-8c60-50194805ee39', 'Client_15');
INSERT INTO client (id, name) VALUES ('d76e1d4e-0007-44ac-9be4-08c630eaf6fb', 'Client_16');
INSERT INTO client (id, name) VALUES ('46be762f-262b-4247-8627-d3442bcafa95', 'Client_17');
INSERT INTO client (id, name) VALUES ('2660c0f0-989d-46f3-b210-02519d1512e5', 'Client_18');
INSERT INTO client (id, name) VALUES ('7f2dbbc8-dcb7-48e6-8b42-c429aebf52c4', 'Client_19');
INSERT INTO client (id, name) VALUES ('20063fb2-5025-414b-9fc8-31128b04d710', 'Client_20');
INSERT INTO client (id, name) VALUES ('4ab3fbab-df83-451c-ac68-d718602e2b13', 'Client_21');
INSERT INTO client (id, name) VALUES ('329e1c5e-85e0-4a15-ac79-8e435b60aec4', 'Client_22');
INSERT INTO client (id, name) VALUES ('b3299674-ed24-4f11-9410-a1564782990d', 'Client_23');
INSERT INTO client (id, name) VALUES ('f9a25092-f6ac-408e-baa3-9430876e3e41', 'Client_24');
INSERT INTO client (id, name) VALUES ('446dad4a-30b5-431f-9db9-b10e4320307c', 'Client_25');
INSERT INTO client (id, name) VALUES ('95cc7abf-99e5-4622-867f-b785bca2de57', 'Client_26');
INSERT INTO client (id, name) VALUES ('042fa7f4-7169-460c-ae79-eeb5d8a9c4bf', 'Client_27');
INSERT INTO client (id, name) VALUES ('2ba85009-eedb-475a-bf49-e4c621b233b0', 'Client_28');
INSERT INTO client (id, name) VALUES ('cddfc824-f544-408c-b511-8b6213d039bf', 'Client_29');
INSERT INTO client (id, name) VALUES ('c182c948-af99-4a13-ab31-e56073f79516', 'Client_30');
INSERT INTO account_manager (id, name, email) VALUES ('324d65f7-3544-47a9-b702-cc9c143c8504', 'Avery Johnson', 'am1@example.com');
INSERT INTO account_manager (id, name, email) VALUES ('1efe3ac2-e6d9-4cf0-b7e2-82c3db4861ef', 'Hayden Harris', 'am2@example.com');
INSERT INTO account_manager (id, name, email) VALUES ('3918d864-41a7-4d4e-8f48-611e1bad6fe4', 'Kendall Wilson', 'am3@example.com');
INSERT INTO account_manager (id, name, email) VALUES ('86c8d864-5ea6-4ba6-b1aa-19aaa8f9d619', 'Morgan Martinez', 'am4@example.com');
INSERT INTO account_manager (id, name, email) VALUES ('efdc8143-55d3-4507-ae40-9747671af8f3', 'Nico Lee', 'am5@example.com');
INSERT INTO account_manager (id, name, email) VALUES ('7efe0747-03d5-4fb3-b6ae-f95f6a2a1154', 'Sam Martinez', 'am6@example.com');
INSERT INTO account_manager (id, name, email) VALUES ('b8e63637-27b0-40eb-936b-542f754a4a8a', 'Skyler White', 'am7@example.com');
INSERT INTO account_manager (id, name, email) VALUES ('c534f34f-a0ba-4080-bb88-e8a13be50d43', 'Steve Johnson', 'am8@example.com');
INSERT INTO account_manager (id, name, email) VALUES ('f24d2d3c-0c70-4175-92f8-183c996cb1d6', 'Leila Thomas', 'am9@example.com');
INSERT INTO account_manager (id, name, email) VALUES ('582cc0f7-e58a-43ce-bacc-35a4dfac959c', 'Sana Nair', 'am10@example.com');
INSERT INTO account_manager (id, name, email) VALUES ('d6485c41-5f69-46be-ab93-c521c010b3e8', 'Kendall Chen', 'am11@example.com');
INSERT INTO account_manager (id, name, email) VALUES ('544a6268-7b74-41e7-9827-d8bac20edf0e', 'Hayden Smith', 'am12@example.com');
INSERT INTO account_manager (id, name, email) VALUES ('b738734d-dbaa-456e-9abf-dedb63299284', 'Robin Verma', 'am13@example.com');
INSERT INTO account_manager (id, name, email) VALUES ('b4630ae5-4088-469f-9ac2-d2501d10921f', 'Reese Thompson', 'am14@example.com');
INSERT INTO account_manager (id, name, email) VALUES ('7db61180-0edc-45ff-823e-735fcbb73a38', 'Jamie Jackson', 'am15@example.com');
INSERT INTO account_manager (id, name, email) VALUES ('a8c91148-3d94-4fc7-8123-6983d791c2cb', 'Reese Davis', 'am16@example.com');
INSERT INTO account_manager (id, name, email) VALUES ('fe4e4d00-b675-4ade-8347-2b9b90dd88ed', 'Riley Kumar', 'am17@example.com');
INSERT INTO account_manager (id, name, email) VALUES ('5472e43b-7515-423d-a661-50bfff571fb7', 'Morgan Singh', 'am18@example.com');
INSERT INTO account_manager (id, name, email) VALUES ('094a7e4c-1046-4f1b-997b-d0aaba554ea4', 'Blake Martin', 'am19@example.com');
INSERT INTO account_manager (id, name, email) VALUES ('1a0cc38f-2df4-430e-b6ca-e2affaf5b9b0', 'Jordan Wang', 'am20@example.com');
INSERT INTO account_manager (id, name, email) VALUES ('dd7ee589-200d-4bde-b104-530a0e95cebd', 'Sana Miller', 'am21@example.com');
INSERT INTO account_manager (id, name, email) VALUES ('d27daab4-cd59-4e98-bd96-accc43d3bfcc', 'Elliot Martinez', 'am22@example.com');
INSERT INTO account_manager (id, name, email) VALUES ('db1def00-883f-4210-8878-333c6ee9027d', 'Leila Garcia', 'am23@example.com');
INSERT INTO account_manager (id, name, email) VALUES ('b638ce9c-650a-4f70-895a-8cbf50d68373', 'Kai Thomas', 'am24@example.com');
INSERT INTO account_manager (id, name, email) VALUES ('e6c4ae64-b135-4c04-9edd-4025e6472032', 'Casey Lee', 'am25@example.com');
INSERT INTO account_manager (id, name, email) VALUES ('caa7e786-0e88-4f42-80b6-3680800285cc', 'Kendall Garcia', 'am26@example.com');
INSERT INTO account_manager (id, name, email) VALUES ('6b763e26-beb3-4f3d-9ef8-3e56bccc0659', 'Riley White', 'am27@example.com');
INSERT INTO account_manager (id, name, email) VALUES ('01bd071d-6121-4511-80b7-52ebda9fd597', 'Morgan Kumar', 'am28@example.com');
INSERT INTO account_manager (id, name, email) VALUES ('2610623e-a3c8-45be-904b-2cb320d5e1d0', 'Hayden Wang', 'am29@example.com');
INSERT INTO account_manager (id, name, email) VALUES ('9f058891-95d0-4943-a093-65761f8b7d0e', 'Kai Taylor', 'am30@example.com');
INSERT INTO job_requisition (id, job_title, location, created_at, updated_at, client_id, account_manager_id) VALUES ('1dcdeb58-b9e6-43a1-9d31-641b5c801655', 'Software Engineer Level 2', 'Remote', '2022-05-27', '2023-12-17', 'd891569d-eb56-420e-9ff9-5c8b05983262', '544a6268-7b74-41e7-9827-d8bac20edf0e');
INSERT INTO job_requisition (id, job_title, location, created_at, updated_at, client_id, account_manager_id) VALUES ('eb75a41f-4a54-4561-962e-90ebf9708507', 'Software Engineer Level 2', 'SF', '2024-08-04', '2025-02-16', '2660c0f0-989d-46f3-b210-02519d1512e5', 'b638ce9c-650a-4f70-895a-8cbf50d68373');
INSERT INTO job_requisition (id, job_title, location, created_at, updated_at, client_id, account_manager_id) VALUES ('d84af4ef-e7e8-4c40-9213-0999b070a6fe', 'Software Engineer Level 5', 'SF', '2023-10-27', '2023-04-25', 'bbfc7e53-5962-47b5-89ae-5257a0e8c4fb', '9f058891-95d0-4943-a093-65761f8b7d0e');
INSERT INTO job_requisition (id, job_title, location, created_at, updated_at, client_id, account_manager_id) VALUES ('de71fc34-5071-4594-a369-65bd2c4ae21c', 'Software Engineer Level 1', 'Remote', '2024-04-01', '2024-07-02', '3932f710-054e-4791-903b-734d75464f4f', '6b763e26-beb3-4f3d-9ef8-3e56bccc0659');
INSERT INTO job_requisition (id, job_title, location, created_at, updated_at, client_id, account_manager_id) VALUES ('21bdbd2f-c6bf-454f-9c8e-ad8211147394', 'Software Engineer Level 5', 'Remote', '2023-03-12', '2025-10-19', '2e360c45-9718-47db-9215-ee88f9611ed0', 'b8e63637-27b0-40eb-936b-542f754a4a8a');
INSERT INTO job_requisition (id, job_title, location, created_at, updated_at, client_id, account_manager_id) VALUES ('afe35574-b1dd-4c2d-9d12-b1e914dc50b8', 'Software Engineer Level 4', 'SF', '2023-06-27', '2023-10-13', '32146677-50cb-4c9e-b9ae-05aac25f8787', '2610623e-a3c8-45be-904b-2cb320d5e1d0');
INSERT INTO job_requisition (id, job_title, location, created_at, updated_at, client_id, account_manager_id) VALUES ('ba595a31-faec-47f6-82fc-de97ad2bddd5', 'Software Engineer Level 5', 'Bangalore', '2023-06-23', '2025-05-27', '3932f710-054e-4791-903b-734d75464f4f', 'b638ce9c-650a-4f70-895a-8cbf50d68373');
INSERT INTO job_requisition (id, job_title, location, created_at, updated_at, client_id, account_manager_id) VALUES ('0625d70d-c920-46e5-880a-28dd71936595', 'Software Engineer Level 4', 'Remote', '2023-03-26', '2023-10-11', 'cddfc824-f544-408c-b511-8b6213d039bf', '094a7e4c-1046-4f1b-997b-d0aaba554ea4');
INSERT INTO job_requisition (id, job_title, location, created_at, updated_at, client_id, account_manager_id) VALUES ('53ad13da-61a4-4b08-8a52-72f237b73b4f', 'Software Engineer Level 1', 'NY', '2022-08-13', '2023-11-10', '46be762f-262b-4247-8627-d3442bcafa95', 'a8c91148-3d94-4fc7-8123-6983d791c2cb');
INSERT INTO job_requisition (id, job_title, location, created_at, updated_at, client_id, account_manager_id) VALUES ('a5dc579a-f599-4307-a3a3-ef4843733169', 'Software Engineer Level 4', 'Bangalore', '2022-05-11', '2025-02-27', '4ab3fbab-df83-451c-ac68-d718602e2b13', '7efe0747-03d5-4fb3-b6ae-f95f6a2a1154');
INSERT INTO job_requisition (id, job_title, location, created_at, updated_at, client_id, account_manager_id) VALUES ('deae4536-b7e5-4e23-822d-a0c295751f98', 'Software Engineer Level 4', 'Bangalore', '2023-05-30', '2023-01-24', '32146677-50cb-4c9e-b9ae-05aac25f8787', '1a0cc38f-2df4-430e-b6ca-e2affaf5b9b0');
INSERT INTO job_requisition (id, job_title, location, created_at, updated_at, client_id, account_manager_id) VALUES ('9932fba0-b209-462d-a3d7-6e6f1d3838bc', 'Software Engineer Level 1', 'Bangalore', '2023-07-01', '2024-11-27', '329e1c5e-85e0-4a15-ac79-8e435b60aec4', 'b638ce9c-650a-4f70-895a-8cbf50d68373');
INSERT INTO job_requisition (id, job_title, location, created_at, updated_at, client_id, account_manager_id) VALUES ('69932582-aedf-4c21-bc16-0ec09c598e1c', 'Software Engineer Level 4', 'SF', '2024-07-18', '2023-01-07', '5e03d5ad-e8ba-40d4-958a-3163961dc78b', '582cc0f7-e58a-43ce-bacc-35a4dfac959c');
INSERT INTO job_requisition (id, job_title, location, created_at, updated_at, client_id, account_manager_id) VALUES ('7fba9b30-65ba-40f7-8b18-b8b56d85b8cc', 'Software Engineer Level 3', 'Bangalore', '2023-01-01', '2025-11-05', 'f9a25092-f6ac-408e-baa3-9430876e3e41', '2610623e-a3c8-45be-904b-2cb320d5e1d0');
INSERT INTO job_requisition (id, job_title, location, created_at, updated_at, client_id, account_manager_id) VALUES ('046b6689-be79-4078-ad10-82854c7858cd', 'Software Engineer Level 3', 'Bangalore', '2023-02-12', '2023-11-10', 'c182c948-af99-4a13-ab31-e56073f79516', '86c8d864-5ea6-4ba6-b1aa-19aaa8f9d619');
INSERT INTO job_requisition (id, job_title, location, created_at, updated_at, client_id, account_manager_id) VALUES ('a67669b6-83f5-4f40-8476-61c88e5f9241', 'Software Engineer Level 2', 'Bangalore', '2024-12-22', '2023-01-02', 'd891569d-eb56-420e-9ff9-5c8b05983262', 'e6c4ae64-b135-4c04-9edd-4025e6472032');
INSERT INTO job_requisition (id, job_title, location, created_at, updated_at, client_id, account_manager_id) VALUES ('22e3d3f7-9542-4285-b056-d1d0c8e8f196', 'Software Engineer Level 4', 'NY', '2022-08-18', '2025-01-13', '20063fb2-5025-414b-9fc8-31128b04d710', 'd6485c41-5f69-46be-ab93-c521c010b3e8');
INSERT INTO job_requisition (id, job_title, location, created_at, updated_at, client_id, account_manager_id) VALUES ('c1a3ddd0-6141-4e2a-9a79-61f563acc885', 'Software Engineer Level 3', 'SF', '2022-04-29', '2024-05-08', 'cddfc824-f544-408c-b511-8b6213d039bf', '6b763e26-beb3-4f3d-9ef8-3e56bccc0659');
INSERT INTO job_requisition (id, job_title, location, created_at, updated_at, client_id, account_manager_id) VALUES ('da1c59fa-f456-40e4-a4a9-9ff1b20e1a92', 'Software Engineer Level 1', 'NY', '2024-09-22', '2023-05-22', 'cddfc824-f544-408c-b511-8b6213d039bf', '094a7e4c-1046-4f1b-997b-d0aaba554ea4');
INSERT INTO job_requisition (id, job_title, location, created_at, updated_at, client_id, account_manager_id) VALUES ('428e791c-ec59-45e9-9bcc-713b8b967e5b', 'Software Engineer Level 2', 'SF', '2024-08-31', '2023-12-05', '446dad4a-30b5-431f-9db9-b10e4320307c', '5472e43b-7515-423d-a661-50bfff571fb7');
INSERT INTO job_requisition (id, job_title, location, created_at, updated_at, client_id, account_manager_id) VALUES ('57de6d64-d04e-4585-ab5a-bf30b2439d81', 'Software Engineer Level 5', 'London', '2023-03-10', '2024-02-16', 'bbfc7e53-5962-47b5-89ae-5257a0e8c4fb', 'fe4e4d00-b675-4ade-8347-2b9b90dd88ed');
INSERT INTO job_requisition (id, job_title, location, created_at, updated_at, client_id, account_manager_id) VALUES ('7991a782-2e92-43aa-aeb6-cf28e8843216', 'Software Engineer Level 4', 'Remote', '2024-06-16', '2025-11-25', 'b3299674-ed24-4f11-9410-a1564782990d', '582cc0f7-e58a-43ce-bacc-35a4dfac959c');
INSERT INTO job_requisition (id, job_title, location, created_at, updated_at, client_id, account_manager_id) VALUES ('0a38a28d-e7fa-4dae-8666-1c8c130239c7', 'Software Engineer Level 2', 'SF', '2022-05-12', '2024-11-23', '2caf3420-1d45-41ef-8c60-50194805ee39', '86c8d864-5ea6-4ba6-b1aa-19aaa8f9d619');
INSERT INTO job_requisition (id, job_title, location, created_at, updated_at, client_id, account_manager_id) VALUES ('507a3f78-b6eb-43c2-a1d6-18bd902c713d', 'Software Engineer Level 5', 'SF', '2023-03-28', '2023-01-15', 'e452c200-3b67-4524-a3a5-3a63c8bd3b69', '094a7e4c-1046-4f1b-997b-d0aaba554ea4');
INSERT INTO job_requisition (id, job_title, location, created_at, updated_at, client_id, account_manager_id) VALUES ('f64cc15a-45db-4ba5-8247-4ef798e3bad8', 'Software Engineer Level 1', 'SF', '2022-05-19', '2023-03-06', '2e360c45-9718-47db-9215-ee88f9611ed0', 'db1def00-883f-4210-8878-333c6ee9027d');
INSERT INTO job_requisition (id, job_title, location, created_at, updated_at, client_id, account_manager_id) VALUES ('6cca4350-2a22-40f9-a1a5-1cf02f9ad80a', 'Software Engineer Level 1', 'Bangalore', '2023-05-03', '2024-07-24', '2ba85009-eedb-475a-bf49-e4c621b233b0', 'd6485c41-5f69-46be-ab93-c521c010b3e8');
INSERT INTO job_requisition (id, job_title, location, created_at, updated_at, client_id, account_manager_id) VALUES ('a1472a00-cf8a-474e-ad25-9d8b87354d2b', 'Software Engineer Level 2', 'Bangalore', '2022-09-28', '2025-08-26', '329e1c5e-85e0-4a15-ac79-8e435b60aec4', 'a8c91148-3d94-4fc7-8123-6983d791c2cb');
INSERT INTO job_requisition (id, job_title, location, created_at, updated_at, client_id, account_manager_id) VALUES ('77d8115f-d264-439f-ab01-7fe2596fe593', 'Software Engineer Level 4', 'London', '2023-01-25', '2023-07-13', '3932f710-054e-4791-903b-734d75464f4f', 'caa7e786-0e88-4f42-80b6-3680800285cc');
INSERT INTO job_requisition (id, job_title, location, created_at, updated_at, client_id, account_manager_id) VALUES ('f9ab1727-78d5-4f1f-8b48-c72d21619559', 'Software Engineer Level 4', 'Remote', '2024-05-17', '2025-04-21', '5e03d5ad-e8ba-40d4-958a-3163961dc78b', 'd27daab4-cd59-4e98-bd96-accc43d3bfcc');
INSERT INTO job_requisition (id, job_title, location, created_at, updated_at, client_id, account_manager_id) VALUES ('27d77499-357a-4abd-b970-cfc149e17adf', 'Software Engineer Level 1', 'NY', '2022-05-05', '2025-04-04', '2caf3420-1d45-41ef-8c60-50194805ee39', '01bd071d-6121-4511-80b7-52ebda9fd597');
INSERT INTO recruiter (id, name, seniority_level) VALUES ('2867addb-ae35-497c-8491-c45772d2c8b5', 'Reese Davis', 'Mid');
INSERT INTO recruiter (id, name, seniority_level) VALUES ('08bb4316-d90b-4e60-9b64-ec971cc060c5', 'Drew Thomas', 'Lead');
INSERT INTO recruiter (id, name, seniority_level) VALUES ('53e3f830-571b-4c63-855d-afe61494e917', 'Quinn Verma', 'Mid');
INSERT INTO recruiter (id, name, seniority_level) VALUES ('59a8242e-99bc-4932-863d-c2227d12c5aa', 'Hayden Wang', 'Mid');
INSERT INTO recruiter (id, name, seniority_level) VALUES ('da043ada-8ee6-4749-aab2-b04c0146ccd8', 'Casey Chen', 'Junior');
INSERT INTO recruiter (id, name, seniority_level) VALUES ('2ae758fe-8875-44fe-aac8-2b00a886c760', 'Taylor Smith', 'Junior');
INSERT INTO recruiter (id, name, seniority_level) VALUES ('0d12eb09-0324-4738-8d39-7edae3f9ba6d', 'Parker Taylor', 'Lead');
INSERT INTO recruiter (id, name, seniority_level) VALUES ('edce8000-2aa3-4246-ab7b-2cf58c64cc45', 'Priya Kim', 'Mid');
INSERT INTO recruiter (id, name, seniority_level) VALUES ('c60b53ab-5e8a-4eed-a736-53de6de4e38d', 'Jesse Brown', 'Mid');
INSERT INTO recruiter (id, name, seniority_level) VALUES ('4b00a80b-72f7-4a45-b656-b35bb6219692', 'Elliot Smith', 'Lead');
INSERT INTO recruiter (id, name, seniority_level) VALUES ('fc3076f5-ddef-444d-b1a3-5582f3bc9142', 'Rowan Wang', 'Senior');
INSERT INTO recruiter (id, name, seniority_level) VALUES ('8443c983-1e6b-47d8-88ff-16e1addc06ba', 'Nico Nguyen', 'Mid');
INSERT INTO recruiter (id, name, seniority_level) VALUES ('b1612ab8-ebcb-466a-bd84-caff9517a88a', 'Drew Garcia', 'Mid');
INSERT INTO recruiter (id, name, seniority_level) VALUES ('ad3c9aa5-2de4-422c-a5af-3ca921aa5ee5', 'Taylor Brown', 'Senior');
INSERT INTO recruiter (id, name, seniority_level) VALUES ('a932c306-9177-4eb5-a5ba-08005f9654bb', 'Taylor Brown', 'Lead');
INSERT INTO recruiter (id, name, seniority_level) VALUES ('1e41e71b-4f97-48f8-a5f4-2b7236f763d4', 'Steve Hernandez', 'Mid');
INSERT INTO recruiter (id, name, seniority_level) VALUES ('8eda5d40-2e7b-4d23-8805-da2ad9f5091b', 'Taylor Lopez', 'Junior');
INSERT INTO recruiter (id, name, seniority_level) VALUES ('8a575339-d2aa-4c4a-b810-0a0534f692e9', 'Cameron Garcia', 'Junior');
INSERT INTO recruiter (id, name, seniority_level) VALUES ('4e6b05ee-850d-4bf4-b651-1fa9dd1c1d29', 'Parker Rao', 'Junior');
INSERT INTO recruiter (id, name, seniority_level) VALUES ('44f9a8f2-0ed8-4d1d-bac8-24b38d8ca165', 'Parker Lee', 'Junior');
INSERT INTO recruiter (id, name, seniority_level) VALUES ('bdf5658c-89ce-4583-aa57-c0dd84577981', 'Micah Hernandez', 'Senior');
INSERT INTO recruiter (id, name, seniority_level) VALUES ('739c40eb-c58b-4f6a-98b3-83939011312e', 'Rowan Jackson', 'Senior');
INSERT INTO recruiter (id, name, seniority_level) VALUES ('0b0198ca-add9-4658-a61a-19365e9c9468', 'Parker Martin', 'Lead');
INSERT INTO recruiter (id, name, seniority_level) VALUES ('54045e2d-e674-466d-b767-ad0916b9533a', 'Quinn Martinez', 'Lead');
INSERT INTO recruiter (id, name, seniority_level) VALUES ('0bc8f618-b587-4fdf-ae1a-8cd2869f3de5', 'Harper Garcia', 'Junior');
INSERT INTO recruiter (id, name, seniority_level) VALUES ('dcfbb4cb-0174-4592-8cea-2e67345551e5', 'Toby Davis', 'Junior');
INSERT INTO recruiter (id, name, seniority_level) VALUES ('79837256-801c-433b-94d0-c85637de5e34', 'Sana Jackson', 'Senior');
INSERT INTO recruiter (id, name, seniority_level) VALUES ('57c15145-8f17-481a-86be-fe89ebb785eb', 'Quinn Singh', 'Junior');
INSERT INTO recruiter (id, name, seniority_level) VALUES ('cf9fd6ee-894c-4698-8950-5fd51d886214', 'Parker Iyer', 'Senior');
INSERT INTO recruiter (id, name, seniority_level) VALUES ('7027ce64-be51-4fb4-8146-67847514c26c', 'Robin Chen', 'Senior');
INSERT INTO recruiter_assignment (id, recruiter_id, assigned_at, job_requisition_id) VALUES ('14fb76dc-df34-4b87-a144-9a20ce3f3616', '53e3f830-571b-4c63-855d-afe61494e917', '2022-01-06 00:00:00', 'afe35574-b1dd-4c2d-9d12-b1e914dc50b8');
INSERT INTO recruiter_assignment (id, recruiter_id, assigned_at, job_requisition_id) VALUES ('5bc05899-878f-46f3-99f1-e7e2e0d36751', 'ad3c9aa5-2de4-422c-a5af-3ca921aa5ee5', '2025-11-12 00:00:00', '046b6689-be79-4078-ad10-82854c7858cd');
INSERT INTO recruiter_assignment (id, recruiter_id, assigned_at, job_requisition_id) VALUES ('69a23024-2f00-41d5-8682-90e7210847a2', '44f9a8f2-0ed8-4d1d-bac8-24b38d8ca165', '2023-08-20 00:00:00', 'a67669b6-83f5-4f40-8476-61c88e5f9241');
INSERT INTO recruiter_assignment (id, recruiter_id, assigned_at, job_requisition_id) VALUES ('bcf3c119-3c9d-4aac-95be-436f3e62b7d0', '08bb4316-d90b-4e60-9b64-ec971cc060c5', '2023-08-14 00:00:00', '0625d70d-c920-46e5-880a-28dd71936595');
INSERT INTO recruiter_assignment (id, recruiter_id, assigned_at, job_requisition_id) VALUES ('7a0b9d65-525a-44a5-b8ee-48fb3f88846b', '0b0198ca-add9-4658-a61a-19365e9c9468', '2025-12-10 00:00:00', 'a5dc579a-f599-4307-a3a3-ef4843733169');
INSERT INTO recruiter_assignment (id, recruiter_id, assigned_at, job_requisition_id) VALUES ('14e43f44-2fc0-4eba-ae8b-9e532b60a945', '57c15145-8f17-481a-86be-fe89ebb785eb', '2022-05-26 00:00:00', '046b6689-be79-4078-ad10-82854c7858cd');
INSERT INTO recruiter_assignment (id, recruiter_id, assigned_at, job_requisition_id) VALUES ('69da6120-0328-4038-8698-db38d4ab5ced', '739c40eb-c58b-4f6a-98b3-83939011312e', '2023-06-26 00:00:00', '0625d70d-c920-46e5-880a-28dd71936595');
INSERT INTO recruiter_assignment (id, recruiter_id, assigned_at, job_requisition_id) VALUES ('231e5247-f757-4d7f-9eac-97886b2ee22b', 'dcfbb4cb-0174-4592-8cea-2e67345551e5', '2025-07-04 00:00:00', '6cca4350-2a22-40f9-a1a5-1cf02f9ad80a');
INSERT INTO recruiter_assignment (id, recruiter_id, assigned_at, job_requisition_id) VALUES ('a59064a0-405d-487c-b359-2475fd34e853', '4e6b05ee-850d-4bf4-b651-1fa9dd1c1d29', '2023-02-10 00:00:00', '7991a782-2e92-43aa-aeb6-cf28e8843216');
INSERT INTO recruiter_assignment (id, recruiter_id, assigned_at, job_requisition_id) VALUES ('c12cf46e-8ca5-4aed-9f26-bb15637c4500', 'ad3c9aa5-2de4-422c-a5af-3ca921aa5ee5', '2025-01-20 00:00:00', 'de71fc34-5071-4594-a369-65bd2c4ae21c');
INSERT INTO recruiter_assignment (id, recruiter_id, assigned_at, job_requisition_id) VALUES ('f57f704c-cdb8-429b-9043-629caf6dba57', 'edce8000-2aa3-4246-ab7b-2cf58c64cc45', '2022-11-02 00:00:00', '57de6d64-d04e-4585-ab5a-bf30b2439d81');
INSERT INTO recruiter_assignment (id, recruiter_id, assigned_at, job_requisition_id) VALUES ('192205b6-87e5-42b5-8b48-c29e56b74eff', '7027ce64-be51-4fb4-8146-67847514c26c', '2022-10-19 00:00:00', '53ad13da-61a4-4b08-8a52-72f237b73b4f');
INSERT INTO recruiter_assignment (id, recruiter_id, assigned_at, job_requisition_id) VALUES ('0cc5c2bf-2346-4d55-b984-321b62151e79', '53e3f830-571b-4c63-855d-afe61494e917', '2022-12-06 00:00:00', 'eb75a41f-4a54-4561-962e-90ebf9708507');
INSERT INTO recruiter_assignment (id, recruiter_id, assigned_at, job_requisition_id) VALUES ('a38fb03b-6953-4d87-9fc1-fda102c7621e', 'dcfbb4cb-0174-4592-8cea-2e67345551e5', '2025-05-03 00:00:00', 'a5dc579a-f599-4307-a3a3-ef4843733169');
INSERT INTO recruiter_assignment (id, recruiter_id, assigned_at, job_requisition_id) VALUES ('22e800ec-1069-4e3c-9c5c-4d55c8c218eb', '54045e2d-e674-466d-b767-ad0916b9533a', '2025-03-11 00:00:00', 'a1472a00-cf8a-474e-ad25-9d8b87354d2b');
INSERT INTO recruiter_assignment (id, recruiter_id, assigned_at, job_requisition_id) VALUES ('5c1e32f2-4392-4fd6-855b-969f71d0bc8d', '7027ce64-be51-4fb4-8146-67847514c26c', '2024-06-18 00:00:00', 'a5dc579a-f599-4307-a3a3-ef4843733169');
INSERT INTO recruiter_assignment (id, recruiter_id, assigned_at, job_requisition_id) VALUES ('15ba6b36-2148-4492-8196-822a3df860a9', '59a8242e-99bc-4932-863d-c2227d12c5aa', '2025-11-11 00:00:00', '046b6689-be79-4078-ad10-82854c7858cd');
INSERT INTO recruiter_assignment (id, recruiter_id, assigned_at, job_requisition_id) VALUES ('aa9f9221-4fc3-4439-8e4e-fd2c14b0066d', '4b00a80b-72f7-4a45-b656-b35bb6219692', '2024-04-04 00:00:00', '0a38a28d-e7fa-4dae-8666-1c8c130239c7');
INSERT INTO recruiter_assignment (id, recruiter_id, assigned_at, job_requisition_id) VALUES ('8fab69c3-c12a-424f-9bd6-badd892ee901', 'c60b53ab-5e8a-4eed-a736-53de6de4e38d', '2025-01-10 00:00:00', '22e3d3f7-9542-4285-b056-d1d0c8e8f196');
INSERT INTO recruiter_assignment (id, recruiter_id, assigned_at, job_requisition_id) VALUES ('69f3f485-00c7-402c-9a79-febd0efc0a71', '1e41e71b-4f97-48f8-a5f4-2b7236f763d4', '2022-06-14 00:00:00', '046b6689-be79-4078-ad10-82854c7858cd');
INSERT INTO recruiter_assignment (id, recruiter_id, assigned_at, job_requisition_id) VALUES ('10696103-6c27-4ee9-8042-10d926ea83a6', '44f9a8f2-0ed8-4d1d-bac8-24b38d8ca165', '2024-06-03 00:00:00', 'eb75a41f-4a54-4561-962e-90ebf9708507');
INSERT INTO recruiter_assignment (id, recruiter_id, assigned_at, job_requisition_id) VALUES ('d85c00eb-dd19-4d0c-8a41-fdb138103c14', '54045e2d-e674-466d-b767-ad0916b9533a', '2025-05-21 00:00:00', 'deae4536-b7e5-4e23-822d-a0c295751f98');
INSERT INTO recruiter_assignment (id, recruiter_id, assigned_at, job_requisition_id) VALUES ('8a032dea-1a79-48a6-8a34-442f43c9ca52', 'c60b53ab-5e8a-4eed-a736-53de6de4e38d', '2022-07-07 00:00:00', '1dcdeb58-b9e6-43a1-9d31-641b5c801655');
INSERT INTO recruiter_assignment (id, recruiter_id, assigned_at, job_requisition_id) VALUES ('61e63122-fa8d-456c-bd74-9d2ceb620400', 'edce8000-2aa3-4246-ab7b-2cf58c64cc45', '2025-03-24 00:00:00', '7991a782-2e92-43aa-aeb6-cf28e8843216');
INSERT INTO recruiter_assignment (id, recruiter_id, assigned_at, job_requisition_id) VALUES ('b41d6a01-e419-4647-a563-310ffcfbfaee', '4e6b05ee-850d-4bf4-b651-1fa9dd1c1d29', '2025-10-08 00:00:00', '1dcdeb58-b9e6-43a1-9d31-641b5c801655');
INSERT INTO recruiter_assignment (id, recruiter_id, assigned_at, job_requisition_id) VALUES ('3796e0a7-fec2-423d-9264-4c05a6c43f9d', '79837256-801c-433b-94d0-c85637de5e34', '2025-03-26 00:00:00', '53ad13da-61a4-4b08-8a52-72f237b73b4f');
INSERT INTO recruiter_assignment (id, recruiter_id, assigned_at, job_requisition_id) VALUES ('c998b0c4-9cc4-4b5a-b41b-2aba64fde552', '08bb4316-d90b-4e60-9b64-ec971cc060c5', '2022-12-25 00:00:00', 'f64cc15a-45db-4ba5-8247-4ef798e3bad8');
INSERT INTO recruiter_assignment (id, recruiter_id, assigned_at, job_requisition_id) VALUES ('069e9f4a-d5df-4b83-b189-b696fc280cae', '1e41e71b-4f97-48f8-a5f4-2b7236f763d4', '2025-08-27 00:00:00', '22e3d3f7-9542-4285-b056-d1d0c8e8f196');
INSERT INTO recruiter_assignment (id, recruiter_id, assigned_at, job_requisition_id) VALUES ('0b9e3644-28a1-4967-91e1-73e13d0ac595', 'a932c306-9177-4eb5-a5ba-08005f9654bb', '2023-07-24 00:00:00', '27d77499-357a-4abd-b970-cfc149e17adf');
INSERT INTO recruiter_assignment (id, recruiter_id, assigned_at, job_requisition_id) VALUES ('a6836a2d-65c7-4fc1-a0ba-5bb2eeeac4f1', '2ae758fe-8875-44fe-aac8-2b00a886c760', '2024-06-11 00:00:00', 'da1c59fa-f456-40e4-a4a9-9ff1b20e1a92');
INSERT INTO candidate (id, name, dob, email, experience, created_at, updated_at) VALUES ('98818bb0-1db9-4993-984c-c13ff009a8f2', 'Leila Martinez', '1999-11-18', 'vikram.smith1@example.com', 3, '2022-10-03 00:00:00', '2023-06-26 00:00:00');
INSERT INTO candidate (id, name, dob, email, experience, created_at, updated_at) VALUES ('641fbbf8-fd81-4da9-a1dc-c7dda72fae8b', 'Leila Moore', '1991-02-10', 'avery.davis2@example.com', 9, '2025-05-23 00:00:00', '2023-03-08 00:00:00');
INSERT INTO candidate (id, name, dob, email, experience, created_at, updated_at) VALUES ('17a34e1d-73bc-46a4-9ed6-ab28db3ff343', 'Rowan Lopez', '1995-12-17', 'reese.jackson3@example.com', 8, '2022-04-15 00:00:00', '2022-07-09 00:00:00');
INSERT INTO candidate (id, name, dob, email, experience, created_at, updated_at) VALUES ('e68fc474-c1e5-49b2-81ca-ed3abcbcdebc', 'Jordan Smith', '1992-06-25', 'nico.thompson4@example.com', 4, '2025-07-28 00:00:00', '2023-06-21 00:00:00');
INSERT INTO candidate (id, name, dob, email, experience, created_at, updated_at) VALUES ('dd71ab7f-280b-4a7a-ac3e-0adfb7642ef0', 'Leila Verma', '1997-07-31', 'robin.chen5@example.com', 0, '2022-08-18 00:00:00', '2022-06-04 00:00:00');
INSERT INTO candidate (id, name, dob, email, experience, created_at, updated_at) VALUES ('12845a9e-d330-4b9e-940f-070d0afce5b5', 'Kai Moore', '1994-08-22', 'jamie.lee6@example.com', 4, '2022-03-27 00:00:00', '2023-09-24 00:00:00');
INSERT INTO candidate (id, name, dob, email, experience, created_at, updated_at) VALUES ('3dc2e8cf-4d06-499e-83fd-5b4a8a3e62e2', 'Blake Jackson', '2000-04-19', 'kai.lee7@example.com', 7, '2025-09-27 00:00:00', '2022-07-30 00:00:00');
INSERT INTO candidate (id, name, dob, email, experience, created_at, updated_at) VALUES ('45133c73-28cb-4bf7-9a1d-961506b488f6', 'Jamie Harris', '1988-08-24', 'blake.nair8@example.com', 5, '2024-04-24 00:00:00', '2022-02-20 00:00:00');
INSERT INTO candidate (id, name, dob, email, experience, created_at, updated_at) VALUES ('8ecd39c9-b30d-4074-8561-56d5a1d6d89b', 'Micah Harris', '1990-12-26', 'cameron.patel9@example.com', 5, '2025-12-07 00:00:00', '2022-08-10 00:00:00');
INSERT INTO candidate (id, name, dob, email, experience, created_at, updated_at) VALUES ('1ee5d987-f405-4f79-971e-92620a5a6bd5', 'Jane White', '1989-06-23', 'elliot.lee10@example.com', 14, '2023-12-18 00:00:00', '2023-09-18 00:00:00');
INSERT INTO candidate (id, name, dob, email, experience, created_at, updated_at) VALUES ('38108624-bd6a-41c2-a113-7a74c43d6820', 'Sam Thomas', '1993-12-09', 'kendall.white11@example.com', 10, '2023-07-25 00:00:00', '2022-05-23 00:00:00');
INSERT INTO candidate (id, name, dob, email, experience, created_at, updated_at) VALUES ('b7a15d55-dbc3-44a5-913f-ff2182aaa722', 'Steve Rao', '2000-03-29', 'hayden.singh12@example.com', 10, '2022-02-26 00:00:00', '2022-08-25 00:00:00');
INSERT INTO candidate (id, name, dob, email, experience, created_at, updated_at) VALUES ('cb0209d0-7bcc-4ab5-8a85-5c0ece56d753', 'Rowan Lee', '1987-06-08', 'rowan.anderson13@example.com', 13, '2023-12-09 00:00:00', '2023-10-05 00:00:00');
INSERT INTO candidate (id, name, dob, email, experience, created_at, updated_at) VALUES ('d5345435-728a-4664-af39-c9e4a2b936c7', 'Avery Kumar', '1997-12-07', 'nico.lopez14@example.com', 6, '2023-06-06 00:00:00', '2022-04-01 00:00:00');
INSERT INTO candidate (id, name, dob, email, experience, created_at, updated_at) VALUES ('75a24a0b-ac9c-47b5-8430-c14bee370592', 'Vikram Thomas', '1993-03-03', 'nico.smith15@example.com', 13, '2022-05-24 00:00:00', '2025-09-22 00:00:00');
INSERT INTO candidate (id, name, dob, email, experience, created_at, updated_at) VALUES ('a0b2304d-6be8-4652-b1be-0921dcf67864', 'Avery Martinez', '1996-05-17', 'reese.khan16@example.com', 9, '2025-09-27 00:00:00', '2024-04-16 00:00:00');
INSERT INTO candidate (id, name, dob, email, experience, created_at, updated_at) VALUES ('331b7c19-1c0a-4a9e-8d72-29761b00d51d', 'Emerson Wilson', '1989-04-21', 'harper.rao17@example.com', 13, '2025-09-23 00:00:00', '2024-02-16 00:00:00');
INSERT INTO candidate (id, name, dob, email, experience, created_at, updated_at) VALUES ('32e66d36-e9c3-4e83-af64-e86e8fda8041', 'Jesse Smith', '1991-10-26', 'cameron.martinez18@example.com', 9, '2023-03-07 00:00:00', '2024-05-30 00:00:00');
INSERT INTO candidate (id, name, dob, email, experience, created_at, updated_at) VALUES ('e1d80291-d05d-4bf3-a084-a238b7c5bd9f', 'Dallas Chen', '2000-02-26', 'harper.wang19@example.com', 6, '2024-11-12 00:00:00', '2024-08-27 00:00:00');
INSERT INTO candidate (id, name, dob, email, experience, created_at, updated_at) VALUES ('b9d03d15-5ded-4625-a265-b8f57760369b', 'Emerson Lopez', '1999-11-22', 'robin.martinez20@example.com', 10, '2022-07-11 00:00:00', '2023-04-27 00:00:00');
INSERT INTO candidate (id, name, dob, email, experience, created_at, updated_at) VALUES ('bc40ea47-62d8-4b2b-8e8d-dac5a5d0ec5f', 'Drew Moore', '1985-07-20', 'sage.white21@example.com', 1, '2023-05-17 00:00:00', '2024-08-31 00:00:00');
INSERT INTO candidate (id, name, dob, email, experience, created_at, updated_at) VALUES ('1cf0518e-3c06-48bd-a0c5-c11100ac88f8', 'Micah Thomas', '2000-08-14', 'casey.wang22@example.com', 12, '2024-10-09 00:00:00', '2024-03-29 00:00:00');
INSERT INTO candidate (id, name, dob, email, experience, created_at, updated_at) VALUES ('6aea2777-500a-4e11-94b5-bdc1e9368d26', 'Alex Davis', '1994-07-15', 'parker.moore23@example.com', 7, '2022-12-27 00:00:00', '2025-11-26 00:00:00');
INSERT INTO candidate (id, name, dob, email, experience, created_at, updated_at) VALUES ('b6c62436-5370-41fe-88f4-5a1d1ee646e5', 'Taylor Harris', '1987-09-22', 'vikram.wang24@example.com', 14, '2022-10-01 00:00:00', '2024-08-09 00:00:00');
INSERT INTO candidate (id, name, dob, email, experience, created_at, updated_at) VALUES ('8946b4a0-d1df-4da5-98f6-4bd0b1001f07', 'Dallas Lopez', '1994-07-28', 'vikram.khan25@example.com', 14, '2022-11-22 00:00:00', '2024-08-30 00:00:00');
INSERT INTO candidate (id, name, dob, email, experience, created_at, updated_at) VALUES ('3ca3c910-0949-47d8-86ea-a3a472726c59', 'Parker Thompson', '1996-09-10', 'dallas.martin26@example.com', 15, '2025-07-07 00:00:00', '2023-05-05 00:00:00');
INSERT INTO candidate (id, name, dob, email, experience, created_at, updated_at) VALUES ('7eb83b44-75fa-4844-b183-32ce087fda59', 'Casey Garcia', '1990-04-05', 'hayden.chen27@example.com', 8, '2023-11-19 00:00:00', '2023-10-17 00:00:00');
INSERT INTO candidate (id, name, dob, email, experience, created_at, updated_at) VALUES ('10deb03f-e941-427d-8f68-2d349e710a19', 'Quinn Moore', '1990-03-10', 'sana.martinez28@example.com', 12, '2025-11-22 00:00:00', '2022-11-09 00:00:00');
INSERT INTO candidate (id, name, dob, email, experience, created_at, updated_at) VALUES ('1d0f487f-b68f-478e-9ebb-82d15002c1d0', 'Micah Nair', '1992-06-03', 'skyler.garcia29@example.com', 14, '2024-05-01 00:00:00', '2022-05-08 00:00:00');
INSERT INTO candidate (id, name, dob, email, experience, created_at, updated_at) VALUES ('b749a80d-eafe-47f8-9b3f-7a31852ba148', 'Elliot Johnson', '1997-11-30', 'skyler.nair30@example.com', 12, '2024-09-03 00:00:00', '2022-01-13 00:00:00');
INSERT INTO candidate (id, name, dob, email, experience, created_at, updated_at) VALUES ('32d4b2f7-10a6-4bf1-8e18-fd9623e42918', 'Elliot Nair', '1997-01-27', 'blake.martinez31@example.com', 7, '2024-09-26 00:00:00', '2023-03-26 00:00:00');
INSERT INTO candidate (id, name, dob, email, experience, created_at, updated_at) VALUES ('a883a0ec-ba9d-478a-9083-14ed367632a9', 'Priya Johnson', '1993-09-21', 'hayden.verma32@example.com', 10, '2025-10-01 00:00:00', '2025-10-22 00:00:00');
INSERT INTO candidate (id, name, dob, email, experience, created_at, updated_at) VALUES ('e728170b-8a58-4880-9cb1-eddceb4197be', 'Toby Wilson', '1998-12-16', 'jesse.taylor33@example.com', 0, '2024-03-17 00:00:00', '2025-04-27 00:00:00');
INSERT INTO candidate (id, name, dob, email, experience, created_at, updated_at) VALUES ('87cce8f9-36ad-432e-baef-6e5a07cd1c1f', 'Nico Wilson', '1995-05-11', 'sam.martinez34@example.com', 5, '2022-04-13 00:00:00', '2023-06-17 00:00:00');
INSERT INTO candidate (id, name, dob, email, experience, created_at, updated_at) VALUES ('53309210-bbc7-478d-b29f-700c380b2b2e', 'Skyler Wang', '1992-05-01', 'elliot.khan35@example.com', 10, '2024-02-16 00:00:00', '2023-07-24 00:00:00');
INSERT INTO candidate (id, name, dob, email, experience, created_at, updated_at) VALUES ('e8d302e8-9b48-4742-90d1-0075b658ca16', 'Riley Kim', '1985-06-08', 'micah.martin36@example.com', 1, '2023-12-18 00:00:00', '2023-04-05 00:00:00');
INSERT INTO candidate (id, name, dob, email, experience, created_at, updated_at) VALUES ('5ab9f378-0276-486a-a0d2-dfa1e886d469', 'Sam Harris', '1989-06-22', 'casey.lee37@example.com', 0, '2025-06-26 00:00:00', '2022-11-09 00:00:00');
INSERT INTO candidate (id, name, dob, email, experience, created_at, updated_at) VALUES ('013ed186-5d32-44cc-ab09-122060266419', 'Jane Miller', '1997-08-26', 'parker.wilson38@example.com', 6, '2024-08-10 00:00:00', '2025-12-03 00:00:00');
INSERT INTO candidate (id, name, dob, email, experience, created_at, updated_at) VALUES ('d53814e1-3122-4730-9d7b-973a302e5376', 'Robin Miller', '1988-09-03', 'rowan.iyer39@example.com', 9, '2022-08-10 00:00:00', '2025-03-31 00:00:00');
INSERT INTO candidate (id, name, dob, email, experience, created_at, updated_at) VALUES ('1f526662-4163-4477-be4c-2a767473fca3', 'Elliot Rao', '1989-06-13', 'sam.martinez40@example.com', 2, '2025-04-27 00:00:00', '2025-11-15 00:00:00');
INSERT INTO candidate (id, name, dob, email, experience, created_at, updated_at) VALUES ('27a16cf3-349a-4468-adc1-b8b2fb5e47ac', 'Sage Miller', '1997-09-11', 'parker.davis41@example.com', 1, '2023-12-13 00:00:00', '2024-12-27 00:00:00');
INSERT INTO candidate (id, name, dob, email, experience, created_at, updated_at) VALUES ('ca186fef-9ae4-4289-814e-d47c577caab5', 'Casey Lopez', '1999-07-11', 'nico.iyer42@example.com', 10, '2022-01-26 00:00:00', '2024-05-10 00:00:00');
INSERT INTO candidate (id, name, dob, email, experience, created_at, updated_at) VALUES ('b5ab92e7-e057-4578-86a3-7f7d43abb4ae', 'Nico Iyer', '1999-04-04', 'priya.davis43@example.com', 14, '2025-12-19 00:00:00', '2022-11-10 00:00:00');
INSERT INTO candidate (id, name, dob, email, experience, created_at, updated_at) VALUES ('46d616ce-9dbd-4bbb-b596-a93daf919eda', 'Vikram Thompson', '1998-10-25', 'nico.anderson44@example.com', 15, '2024-08-10 00:00:00', '2024-06-11 00:00:00');
INSERT INTO candidate (id, name, dob, email, experience, created_at, updated_at) VALUES ('d6c35115-91b9-4bf3-b13c-172b859fc3a3', 'Parker Martinez', '1991-04-04', 'hayden.khan45@example.com', 14, '2023-05-15 00:00:00', '2024-08-09 00:00:00');
INSERT INTO candidate (id, name, dob, email, experience, created_at, updated_at) VALUES ('61b8a89b-4712-41ae-a195-a0bf3119aaf3', 'Sam Nguyen', '1992-04-16', 'elliot.patel46@example.com', 5, '2024-09-25 00:00:00', '2023-03-11 00:00:00');
INSERT INTO candidate (id, name, dob, email, experience, created_at, updated_at) VALUES ('6f857305-3e4b-4b4a-9b8c-0a3f1311b798', 'Reese Thompson', '1998-05-16', 'blake.martin47@example.com', 8, '2025-02-12 00:00:00', '2022-01-21 00:00:00');
INSERT INTO candidate (id, name, dob, email, experience, created_at, updated_at) VALUES ('67ed7812-bf5b-4fb4-9a57-a1f55212b9fe', 'Riley Harris', '1994-02-12', 'vikram.thomas48@example.com', 15, '2025-02-11 00:00:00', '2023-05-08 00:00:00');
INSERT INTO candidate (id, name, dob, email, experience, created_at, updated_at) VALUES ('b64b8b16-e06d-40a2-946e-0f5ccfb2ae9e', 'Dallas Johnson', '1987-02-02', 'Jane.nguyen49@example.com', 9, '2023-03-30 00:00:00', '2024-04-08 00:00:00');
INSERT INTO candidate (id, name, dob, email, experience, created_at, updated_at) VALUES ('c4f9e90b-93d9-4f95-88dd-e3c25dbeeeba', 'Kai Kim', '1997-06-01', 'parker.martinez50@example.com', 11, '2024-05-21 00:00:00', '2025-02-01 00:00:00');
INSERT INTO candidate (id, name, dob, email, experience, created_at, updated_at) VALUES ('6c803f1a-af89-4f0e-b8fa-2b8c3cb023df', 'Toby Thompson', '1991-11-17', 'reese.singh51@example.com', 8, '2023-04-18 00:00:00', '2022-09-05 00:00:00');
INSERT INTO candidate (id, name, dob, email, experience, created_at, updated_at) VALUES ('25f5af5e-c903-43bf-944c-908d32ed8a14', 'Avery Anderson', '1989-04-19', 'drew.khan52@example.com', 6, '2024-09-18 00:00:00', '2023-07-21 00:00:00');
INSERT INTO candidate (id, name, dob, email, experience, created_at, updated_at) VALUES ('84451428-b554-4f79-b405-59d49c1c226a', 'Morgan Thomas', '1991-08-24', 'vikram.garcia53@example.com', 7, '2024-01-10 00:00:00', '2023-01-03 00:00:00');
INSERT INTO candidate (id, name, dob, email, experience, created_at, updated_at) VALUES ('11c5f78c-6d9a-4ca9-88da-bca839dd069f', 'Sana Wilson', '1991-02-26', 'sage.smith54@example.com', 1, '2022-04-22 00:00:00', '2025-02-07 00:00:00');
INSERT INTO candidate (id, name, dob, email, experience, created_at, updated_at) VALUES ('e2419318-36bb-46f9-bcca-ee12f29fd776', 'Priya Davis', '1985-04-11', 'emerson.wilson55@example.com', 9, '2024-08-19 00:00:00', '2024-09-07 00:00:00');
INSERT INTO candidate (id, name, dob, email, experience, created_at, updated_at) VALUES ('ef14bbdc-5693-40d4-975e-3ae84a0d2568', 'Cameron Brown', '1990-08-31', 'dallas.patel56@example.com', 15, '2022-08-22 00:00:00', '2022-05-14 00:00:00');
INSERT INTO candidate (id, name, dob, email, experience, created_at, updated_at) VALUES ('8a680d53-d057-4dc0-8ac2-3e942bc843cd', 'Casey Brown', '1988-05-27', 'jesse.nguyen57@example.com', 4, '2025-02-26 00:00:00', '2023-09-15 00:00:00');
INSERT INTO candidate (id, name, dob, email, experience, created_at, updated_at) VALUES ('e1b39589-0214-4422-9c4d-3f4c2957b353', 'Avery Nair', '1998-08-07', 'riley.harris58@example.com', 7, '2024-12-06 00:00:00', '2024-02-19 00:00:00');
INSERT INTO candidate (id, name, dob, email, experience, created_at, updated_at) VALUES ('704db74e-1f7e-462f-ab1c-86d11244f155', 'Sage Verma', '1991-11-07', 'dallas.chen59@example.com', 1, '2025-06-02 00:00:00', '2022-07-23 00:00:00');
INSERT INTO candidate (id, name, dob, email, experience, created_at, updated_at) VALUES ('a3512f3b-3f8a-4372-8be2-b7794d31dfac', 'Rowan Martinez', '1988-07-10', 'skyler.jackson60@example.com', 7, '2022-12-22 00:00:00', '2025-02-04 00:00:00');
INSERT INTO sourcing_activity (id, candidate_id, sourced_at, source_platform, recruiter_id, job_requisition_id) VALUES ('5fb3410a-24a1-45b9-abad-3ec0edcfe895', '27a16cf3-349a-4468-adc1-b8b2fb5e47ac', '2022-07-06 00:00:00', 'AngelList', '79837256-801c-433b-94d0-c85637de5e34', 'a67669b6-83f5-4f40-8476-61c88e5f9241');
INSERT INTO sourcing_activity (id, candidate_id, sourced_at, source_platform, recruiter_id, job_requisition_id) VALUES ('fecc0129-4b88-4df7-ac23-6f173ffe10d4', '6aea2777-500a-4e11-94b5-bdc1e9368d26', '2023-10-20 00:00:00', 'LinkedIn', 'ad3c9aa5-2de4-422c-a5af-3ca921aa5ee5', 'deae4536-b7e5-4e23-822d-a0c295751f98');
INSERT INTO sourcing_activity (id, candidate_id, sourced_at, source_platform, recruiter_id, job_requisition_id) VALUES ('973f02f1-286b-4dbd-ac57-985fce5fc1d7', 'e2419318-36bb-46f9-bcca-ee12f29fd776', '2024-04-23 00:00:00', 'AngelList', '2ae758fe-8875-44fe-aac8-2b00a886c760', 'deae4536-b7e5-4e23-822d-a0c295751f98');
INSERT INTO sourcing_activity (id, candidate_id, sourced_at, source_platform, recruiter_id, job_requisition_id) VALUES ('de45f84d-b759-489d-a304-f3b95346d7c3', 'e1d80291-d05d-4bf3-a084-a238b7c5bd9f', '2025-01-31 00:00:00', 'LinkedIn', '739c40eb-c58b-4f6a-98b3-83939011312e', '69932582-aedf-4c21-bc16-0ec09c598e1c');
INSERT INTO sourcing_activity (id, candidate_id, sourced_at, source_platform, recruiter_id, job_requisition_id) VALUES ('cb0e3957-6574-428d-873d-727a7bc16542', 'b749a80d-eafe-47f8-9b3f-7a31852ba148', '2023-06-01 00:00:00', 'Referral', '53e3f830-571b-4c63-855d-afe61494e917', 'deae4536-b7e5-4e23-822d-a0c295751f98');
INSERT INTO sourcing_activity (id, candidate_id, sourced_at, source_platform, recruiter_id, job_requisition_id) VALUES ('a6120f7c-3146-42bc-b37d-cb048fa8476e', '45133c73-28cb-4bf7-9a1d-961506b488f6', '2024-11-19 00:00:00', 'LinkedIn', '0bc8f618-b587-4fdf-ae1a-8cd2869f3de5', '69932582-aedf-4c21-bc16-0ec09c598e1c');
INSERT INTO sourcing_activity (id, candidate_id, sourced_at, source_platform, recruiter_id, job_requisition_id) VALUES ('699b4764-fd02-4c44-afe4-a2431162f198', 'b5ab92e7-e057-4578-86a3-7f7d43abb4ae', '2024-08-04 00:00:00', 'AngelList', '57c15145-8f17-481a-86be-fe89ebb785eb', 'c1a3ddd0-6141-4e2a-9a79-61f563acc885');
INSERT INTO sourcing_activity (id, candidate_id, sourced_at, source_platform, recruiter_id, job_requisition_id) VALUES ('845dc2a9-811d-461f-b8c0-d94515ac0ca6', 'e68fc474-c1e5-49b2-81ca-ed3abcbcdebc', '2024-01-11 00:00:00', 'HackerRank', '0d12eb09-0324-4738-8d39-7edae3f9ba6d', '22e3d3f7-9542-4285-b056-d1d0c8e8f196');
INSERT INTO sourcing_activity (id, candidate_id, sourced_at, source_platform, recruiter_id, job_requisition_id) VALUES ('d21cc6aa-274a-452b-aa41-b9727ddc292e', 'b64b8b16-e06d-40a2-946e-0f5ccfb2ae9e', '2024-06-24 00:00:00', 'LinkedIn', '1e41e71b-4f97-48f8-a5f4-2b7236f763d4', '57de6d64-d04e-4585-ab5a-bf30b2439d81');
INSERT INTO sourcing_activity (id, candidate_id, sourced_at, source_platform, recruiter_id, job_requisition_id) VALUES ('76b0fa48-e5ea-400f-a31d-5e2622da8abc', 'd5345435-728a-4664-af39-c9e4a2b936c7', '2022-09-26 00:00:00', 'Referral', 'c60b53ab-5e8a-4eed-a736-53de6de4e38d', 'c1a3ddd0-6141-4e2a-9a79-61f563acc885');
INSERT INTO sourcing_activity (id, candidate_id, sourced_at, source_platform, recruiter_id, job_requisition_id) VALUES ('8740c501-7209-4eee-9b6f-65dc88763819', '1d0f487f-b68f-478e-9ebb-82d15002c1d0', '2024-09-19 00:00:00', 'LinkedIn', 'cf9fd6ee-894c-4698-8950-5fd51d886214', '0a38a28d-e7fa-4dae-8666-1c8c130239c7');
INSERT INTO sourcing_activity (id, candidate_id, sourced_at, source_platform, recruiter_id, job_requisition_id) VALUES ('bb6a262e-7002-423c-8d58-09dde0a3a9b2', '641fbbf8-fd81-4da9-a1dc-c7dda72fae8b', '2023-05-06 00:00:00', 'Indeed', 'bdf5658c-89ce-4583-aa57-c0dd84577981', '428e791c-ec59-45e9-9bcc-713b8b967e5b');
INSERT INTO sourcing_activity (id, candidate_id, sourced_at, source_platform, recruiter_id, job_requisition_id) VALUES ('4911795d-67f0-4328-9fe4-be31841eb520', 'b9d03d15-5ded-4625-a265-b8f57760369b', '2025-02-05 00:00:00', 'AngelList', '8a575339-d2aa-4c4a-b810-0a0534f692e9', '1dcdeb58-b9e6-43a1-9d31-641b5c801655');
INSERT INTO sourcing_activity (id, candidate_id, sourced_at, source_platform, recruiter_id, job_requisition_id) VALUES ('71c934ce-c1b4-4c2f-872b-54049c42d7ce', '12845a9e-d330-4b9e-940f-070d0afce5b5', '2022-08-21 00:00:00', 'AngelList', 'edce8000-2aa3-4246-ab7b-2cf58c64cc45', 'a1472a00-cf8a-474e-ad25-9d8b87354d2b');
INSERT INTO sourcing_activity (id, candidate_id, sourced_at, source_platform, recruiter_id, job_requisition_id) VALUES ('f6754e7d-731a-450e-bb9b-1ff42d5d93e9', '45133c73-28cb-4bf7-9a1d-961506b488f6', '2022-11-12 00:00:00', 'AngelList', 'bdf5658c-89ce-4583-aa57-c0dd84577981', 'a1472a00-cf8a-474e-ad25-9d8b87354d2b');
INSERT INTO sourcing_activity (id, candidate_id, sourced_at, source_platform, recruiter_id, job_requisition_id) VALUES ('0a75daf7-ed3e-4c2a-b8fe-1ea041753198', 'a3512f3b-3f8a-4372-8be2-b7794d31dfac', '2024-11-08 00:00:00', 'Referral', '0b0198ca-add9-4658-a61a-19365e9c9468', 'a5dc579a-f599-4307-a3a3-ef4843733169');
INSERT INTO sourcing_activity (id, candidate_id, sourced_at, source_platform, recruiter_id, job_requisition_id) VALUES ('ed555d87-af2f-499b-8b97-ae3e37f4e458', '7eb83b44-75fa-4844-b183-32ce087fda59', '2024-08-25 00:00:00', 'Indeed', '79837256-801c-433b-94d0-c85637de5e34', 'a67669b6-83f5-4f40-8476-61c88e5f9241');
INSERT INTO sourcing_activity (id, candidate_id, sourced_at, source_platform, recruiter_id, job_requisition_id) VALUES ('aafd4d08-199f-44c7-8d76-02ba1e673217', 'b749a80d-eafe-47f8-9b3f-7a31852ba148', '2024-02-25 00:00:00', 'Indeed', '8a575339-d2aa-4c4a-b810-0a0534f692e9', '21bdbd2f-c6bf-454f-9c8e-ad8211147394');
INSERT INTO sourcing_activity (id, candidate_id, sourced_at, source_platform, recruiter_id, job_requisition_id) VALUES ('47e6a786-4231-4772-a1ae-3303a8bc00fd', '704db74e-1f7e-462f-ab1c-86d11244f155', '2022-10-07 00:00:00', 'LinkedIn', '44f9a8f2-0ed8-4d1d-bac8-24b38d8ca165', '22e3d3f7-9542-4285-b056-d1d0c8e8f196');
INSERT INTO sourcing_activity (id, candidate_id, sourced_at, source_platform, recruiter_id, job_requisition_id) VALUES ('cdbf3ca4-8c1a-4ebc-945c-1d472b45b136', '32e66d36-e9c3-4e83-af64-e86e8fda8041', '2024-04-29 00:00:00', 'Referral', '0bc8f618-b587-4fdf-ae1a-8cd2869f3de5', '6cca4350-2a22-40f9-a1a5-1cf02f9ad80a');
INSERT INTO sourcing_activity (id, candidate_id, sourced_at, source_platform, recruiter_id, job_requisition_id) VALUES ('b7885174-98ea-492d-b8e9-f56832402275', 'a3512f3b-3f8a-4372-8be2-b7794d31dfac', '2023-07-02 00:00:00', 'LinkedIn', 'dcfbb4cb-0174-4592-8cea-2e67345551e5', '22e3d3f7-9542-4285-b056-d1d0c8e8f196');
INSERT INTO sourcing_activity (id, candidate_id, sourced_at, source_platform, recruiter_id, job_requisition_id) VALUES ('69f9da66-474c-498a-80db-1c77bdc05d05', 'e1d80291-d05d-4bf3-a084-a238b7c5bd9f', '2025-04-17 00:00:00', 'HackerRank', '54045e2d-e674-466d-b767-ad0916b9533a', 'a5dc579a-f599-4307-a3a3-ef4843733169');
INSERT INTO sourcing_activity (id, candidate_id, sourced_at, source_platform, recruiter_id, job_requisition_id) VALUES ('a46e83d0-5a99-4e07-9e01-99f1108dbaf7', 'b5ab92e7-e057-4578-86a3-7f7d43abb4ae', '2022-11-01 00:00:00', 'AngelList', '1e41e71b-4f97-48f8-a5f4-2b7236f763d4', '77d8115f-d264-439f-ab01-7fe2596fe593');
INSERT INTO sourcing_activity (id, candidate_id, sourced_at, source_platform, recruiter_id, job_requisition_id) VALUES ('13df4876-562c-4bfc-a7ee-98d59d2529b0', '53309210-bbc7-478d-b29f-700c380b2b2e', '2023-11-12 00:00:00', 'HackerRank', '1e41e71b-4f97-48f8-a5f4-2b7236f763d4', '9932fba0-b209-462d-a3d7-6e6f1d3838bc');
INSERT INTO sourcing_activity (id, candidate_id, sourced_at, source_platform, recruiter_id, job_requisition_id) VALUES ('81e5445b-de34-4107-963f-a7381fe0ee16', 'b64b8b16-e06d-40a2-946e-0f5ccfb2ae9e', '2024-07-21 00:00:00', 'Referral', '8a575339-d2aa-4c4a-b810-0a0534f692e9', '69932582-aedf-4c21-bc16-0ec09c598e1c');
INSERT INTO sourcing_activity (id, candidate_id, sourced_at, source_platform, recruiter_id, job_requisition_id) VALUES ('2e3ed217-582e-49d7-a866-4d075830d5c9', 'ef14bbdc-5693-40d4-975e-3ae84a0d2568', '2023-05-05 00:00:00', 'HackerRank', '0d12eb09-0324-4738-8d39-7edae3f9ba6d', '0a38a28d-e7fa-4dae-8666-1c8c130239c7');
INSERT INTO sourcing_activity (id, candidate_id, sourced_at, source_platform, recruiter_id, job_requisition_id) VALUES ('080972c7-cb78-4d02-b3ac-63280cb53171', '8946b4a0-d1df-4da5-98f6-4bd0b1001f07', '2024-04-21 00:00:00', 'LinkedIn', 'edce8000-2aa3-4246-ab7b-2cf58c64cc45', '77d8115f-d264-439f-ab01-7fe2596fe593');
INSERT INTO sourcing_activity (id, candidate_id, sourced_at, source_platform, recruiter_id, job_requisition_id) VALUES ('79bd5509-39cf-4846-89c2-312c3487cbd3', 'bc40ea47-62d8-4b2b-8e8d-dac5a5d0ec5f', '2025-12-15 00:00:00', 'AngelList', '54045e2d-e674-466d-b767-ad0916b9533a', 'a67669b6-83f5-4f40-8476-61c88e5f9241');
INSERT INTO sourcing_activity (id, candidate_id, sourced_at, source_platform, recruiter_id, job_requisition_id) VALUES ('758838d7-6ac7-45bb-9632-925d30193b68', '8946b4a0-d1df-4da5-98f6-4bd0b1001f07', '2025-08-28 00:00:00', 'Indeed', '739c40eb-c58b-4f6a-98b3-83939011312e', '6cca4350-2a22-40f9-a1a5-1cf02f9ad80a');
INSERT INTO sourcing_activity (id, candidate_id, sourced_at, source_platform, recruiter_id, job_requisition_id) VALUES ('a52e2c6e-c469-4bda-adc0-65fb09455927', 'a883a0ec-ba9d-478a-9083-14ed367632a9', '2024-10-25 00:00:00', 'HackerRank', '08bb4316-d90b-4e60-9b64-ec971cc060c5', '21bdbd2f-c6bf-454f-9c8e-ad8211147394');
INSERT INTO sourcing_activity (id, candidate_id, sourced_at, source_platform, recruiter_id, job_requisition_id) VALUES ('408c8979-30e6-4da2-b266-07af300476eb', '1cf0518e-3c06-48bd-a0c5-c11100ac88f8', '2024-06-20 00:00:00', 'LinkedIn', '57c15145-8f17-481a-86be-fe89ebb785eb', 'de71fc34-5071-4594-a369-65bd2c4ae21c');
INSERT INTO sourcing_activity (id, candidate_id, sourced_at, source_platform, recruiter_id, job_requisition_id) VALUES ('c7919ecd-30e1-4132-9b5a-5ea1c2ee8f2d', '87cce8f9-36ad-432e-baef-6e5a07cd1c1f', '2022-02-01 00:00:00', 'Indeed', '7027ce64-be51-4fb4-8146-67847514c26c', '046b6689-be79-4078-ad10-82854c7858cd');
INSERT INTO sourcing_activity (id, candidate_id, sourced_at, source_platform, recruiter_id, job_requisition_id) VALUES ('0e9043be-ca71-4891-b28d-d27f8f2b89b9', '7eb83b44-75fa-4844-b183-32ce087fda59', '2022-11-13 00:00:00', 'LinkedIn', '57c15145-8f17-481a-86be-fe89ebb785eb', '57de6d64-d04e-4585-ab5a-bf30b2439d81');
INSERT INTO sourcing_activity (id, candidate_id, sourced_at, source_platform, recruiter_id, job_requisition_id) VALUES ('634d1283-44c1-40b6-8eea-e03977019e23', '32d4b2f7-10a6-4bf1-8e18-fd9623e42918', '2023-11-25 00:00:00', 'HackerRank', 'dcfbb4cb-0174-4592-8cea-2e67345551e5', '53ad13da-61a4-4b08-8a52-72f237b73b4f');
INSERT INTO sourcing_activity (id, candidate_id, sourced_at, source_platform, recruiter_id, job_requisition_id) VALUES ('365315be-92d1-4fce-aa34-028a5668ad25', 'd6c35115-91b9-4bf3-b13c-172b859fc3a3', '2022-06-14 00:00:00', 'Referral', 'b1612ab8-ebcb-466a-bd84-caff9517a88a', '57de6d64-d04e-4585-ab5a-bf30b2439d81');
INSERT INTO sourcing_activity (id, candidate_id, sourced_at, source_platform, recruiter_id, job_requisition_id) VALUES ('846f6a6b-0838-44f0-b70f-b51326d2496a', 'e2419318-36bb-46f9-bcca-ee12f29fd776', '2024-12-28 00:00:00', 'AngelList', '739c40eb-c58b-4f6a-98b3-83939011312e', '77d8115f-d264-439f-ab01-7fe2596fe593');
INSERT INTO sourcing_activity (id, candidate_id, sourced_at, source_platform, recruiter_id, job_requisition_id) VALUES ('e85c6290-ad50-46b1-886b-46e0461286e4', 'bc40ea47-62d8-4b2b-8e8d-dac5a5d0ec5f', '2024-09-26 00:00:00', 'HackerRank', 'bdf5658c-89ce-4583-aa57-c0dd84577981', '0a38a28d-e7fa-4dae-8666-1c8c130239c7');
INSERT INTO sourcing_activity (id, candidate_id, sourced_at, source_platform, recruiter_id, job_requisition_id) VALUES ('f978c668-75d5-4b94-a7e0-de6cc394bc4a', '17a34e1d-73bc-46a4-9ed6-ab28db3ff343', '2023-04-26 00:00:00', 'Referral', '44f9a8f2-0ed8-4d1d-bac8-24b38d8ca165', 'd84af4ef-e7e8-4c40-9213-0999b070a6fe');
INSERT INTO sourcing_activity (id, candidate_id, sourced_at, source_platform, recruiter_id, job_requisition_id) VALUES ('620d90df-363d-4844-98e1-e90039451e61', '75a24a0b-ac9c-47b5-8430-c14bee370592', '2024-06-07 00:00:00', 'LinkedIn', '54045e2d-e674-466d-b767-ad0916b9533a', 'd84af4ef-e7e8-4c40-9213-0999b070a6fe');
INSERT INTO sourcing_activity (id, candidate_id, sourced_at, source_platform, recruiter_id, job_requisition_id) VALUES ('d37b3071-6746-48dd-a774-fff8fb66caa3', 'b64b8b16-e06d-40a2-946e-0f5ccfb2ae9e', '2022-07-25 00:00:00', 'AngelList', 'bdf5658c-89ce-4583-aa57-c0dd84577981', '0a38a28d-e7fa-4dae-8666-1c8c130239c7');
INSERT INTO sourcing_activity (id, candidate_id, sourced_at, source_platform, recruiter_id, job_requisition_id) VALUES ('08d179a0-84cf-4ab3-8807-8a802d872b4b', '38108624-bd6a-41c2-a113-7a74c43d6820', '2022-03-01 00:00:00', 'LinkedIn', '0b0198ca-add9-4658-a61a-19365e9c9468', 'a5dc579a-f599-4307-a3a3-ef4843733169');
INSERT INTO sourcing_activity (id, candidate_id, sourced_at, source_platform, recruiter_id, job_requisition_id) VALUES ('06badac0-6059-4fe4-a5ce-1b77695feb1f', 'bc40ea47-62d8-4b2b-8e8d-dac5a5d0ec5f', '2023-08-24 00:00:00', 'Referral', 'dcfbb4cb-0174-4592-8cea-2e67345551e5', 'eb75a41f-4a54-4561-962e-90ebf9708507');
INSERT INTO sourcing_activity (id, candidate_id, sourced_at, source_platform, recruiter_id, job_requisition_id) VALUES ('7804b627-f0c4-4cc3-8920-488f7b46be69', 'b6c62436-5370-41fe-88f4-5a1d1ee646e5', '2023-05-16 00:00:00', 'HackerRank', 'ad3c9aa5-2de4-422c-a5af-3ca921aa5ee5', '21bdbd2f-c6bf-454f-9c8e-ad8211147394');
INSERT INTO sourcing_activity (id, candidate_id, sourced_at, source_platform, recruiter_id, job_requisition_id) VALUES ('a26c27c3-6e87-447b-a03e-dab70d232563', '7eb83b44-75fa-4844-b183-32ce087fda59', '2023-01-04 00:00:00', 'Indeed', '4e6b05ee-850d-4bf4-b651-1fa9dd1c1d29', '7991a782-2e92-43aa-aeb6-cf28e8843216');
INSERT INTO sourcing_activity (id, candidate_id, sourced_at, source_platform, recruiter_id, job_requisition_id) VALUES ('bf49a33d-ad32-4c20-bd26-24ef8385bcbd', 'b7a15d55-dbc3-44a5-913f-ff2182aaa722', '2024-02-23 00:00:00', 'HackerRank', '53e3f830-571b-4c63-855d-afe61494e917', '428e791c-ec59-45e9-9bcc-713b8b967e5b');
INSERT INTO sourcing_activity (id, candidate_id, sourced_at, source_platform, recruiter_id, job_requisition_id) VALUES ('8d16dd34-70bf-46dc-bba3-cf87c4c5ef51', '46d616ce-9dbd-4bbb-b596-a93daf919eda', '2025-04-09 00:00:00', 'Indeed', 'edce8000-2aa3-4246-ab7b-2cf58c64cc45', 'a67669b6-83f5-4f40-8476-61c88e5f9241');
INSERT INTO sourcing_activity (id, candidate_id, sourced_at, source_platform, recruiter_id, job_requisition_id) VALUES ('afba47e8-3bf0-4f35-a512-8cd19828bb5a', '75a24a0b-ac9c-47b5-8430-c14bee370592', '2023-06-05 00:00:00', 'AngelList', 'a932c306-9177-4eb5-a5ba-08005f9654bb', '57de6d64-d04e-4585-ab5a-bf30b2439d81');
INSERT INTO sourcing_activity (id, candidate_id, sourced_at, source_platform, recruiter_id, job_requisition_id) VALUES ('a08144a6-5a03-4313-a559-b917112670e4', '331b7c19-1c0a-4a9e-8d72-29761b00d51d', '2024-08-10 00:00:00', 'Referral', '739c40eb-c58b-4f6a-98b3-83939011312e', '1dcdeb58-b9e6-43a1-9d31-641b5c801655');
INSERT INTO sourcing_activity (id, candidate_id, sourced_at, source_platform, recruiter_id, job_requisition_id) VALUES ('05e58a4c-3aac-4db4-9968-6dfa8afd371a', '46d616ce-9dbd-4bbb-b596-a93daf919eda', '2022-06-01 00:00:00', 'AngelList', '8a575339-d2aa-4c4a-b810-0a0534f692e9', 'afe35574-b1dd-4c2d-9d12-b1e914dc50b8');
INSERT INTO sourcing_activity (id, candidate_id, sourced_at, source_platform, recruiter_id, job_requisition_id) VALUES ('1880b4f7-ae91-4806-acf9-7166685ac19f', '6aea2777-500a-4e11-94b5-bdc1e9368d26', '2025-08-01 00:00:00', 'AngelList', '4e6b05ee-850d-4bf4-b651-1fa9dd1c1d29', 'a5dc579a-f599-4307-a3a3-ef4843733169');
INSERT INTO sourcing_activity (id, candidate_id, sourced_at, source_platform, recruiter_id, job_requisition_id) VALUES ('6c220308-430f-460e-af61-a13dab28d572', 'd6c35115-91b9-4bf3-b13c-172b859fc3a3', '2023-09-11 00:00:00', 'Indeed', 'c60b53ab-5e8a-4eed-a736-53de6de4e38d', '046b6689-be79-4078-ad10-82854c7858cd');
INSERT INTO sourcing_activity (id, candidate_id, sourced_at, source_platform, recruiter_id, job_requisition_id) VALUES ('91c50d63-6c68-4a06-9b90-8b4186c2908f', '8946b4a0-d1df-4da5-98f6-4bd0b1001f07', '2022-08-07 00:00:00', 'Indeed', '57c15145-8f17-481a-86be-fe89ebb785eb', 'a67669b6-83f5-4f40-8476-61c88e5f9241');
INSERT INTO sourcing_activity (id, candidate_id, sourced_at, source_platform, recruiter_id, job_requisition_id) VALUES ('90495213-5e6d-4087-873f-85abe975ab8c', '8946b4a0-d1df-4da5-98f6-4bd0b1001f07', '2025-03-23 00:00:00', 'Referral', '4e6b05ee-850d-4bf4-b651-1fa9dd1c1d29', '9932fba0-b209-462d-a3d7-6e6f1d3838bc');
INSERT INTO sourcing_activity (id, candidate_id, sourced_at, source_platform, recruiter_id, job_requisition_id) VALUES ('8bef99c4-8e26-4721-8043-e4b6efbfc772', 'd6c35115-91b9-4bf3-b13c-172b859fc3a3', '2025-09-10 00:00:00', 'AngelList', '4b00a80b-72f7-4a45-b656-b35bb6219692', '1dcdeb58-b9e6-43a1-9d31-641b5c801655');
INSERT INTO sourcing_activity (id, candidate_id, sourced_at, source_platform, recruiter_id, job_requisition_id) VALUES ('a40e6f96-671f-48dc-8c69-528cbf5e5b35', '32e66d36-e9c3-4e83-af64-e86e8fda8041', '2025-11-05 00:00:00', 'LinkedIn', '2867addb-ae35-497c-8491-c45772d2c8b5', 'da1c59fa-f456-40e4-a4a9-9ff1b20e1a92');
INSERT INTO sourcing_activity (id, candidate_id, sourced_at, source_platform, recruiter_id, job_requisition_id) VALUES ('32c512f4-91e1-4cc8-95f9-16aa174bc123', '704db74e-1f7e-462f-ab1c-86d11244f155', '2024-10-14 00:00:00', 'Referral', '44f9a8f2-0ed8-4d1d-bac8-24b38d8ca165', '507a3f78-b6eb-43c2-a1d6-18bd902c713d');
INSERT INTO sourcing_activity (id, candidate_id, sourced_at, source_platform, recruiter_id, job_requisition_id) VALUES ('9b761729-bb7b-4dba-90da-e772228cd1e6', 'c4f9e90b-93d9-4f95-88dd-e3c25dbeeeba', '2025-05-28 00:00:00', 'Referral', 'dcfbb4cb-0174-4592-8cea-2e67345551e5', '0625d70d-c920-46e5-880a-28dd71936595');
INSERT INTO sourcing_activity (id, candidate_id, sourced_at, source_platform, recruiter_id, job_requisition_id) VALUES ('9e12dfc9-566c-4251-8109-217ed4cb1697', '75a24a0b-ac9c-47b5-8430-c14bee370592', '2025-06-25 00:00:00', 'Referral', 'bdf5658c-89ce-4583-aa57-c0dd84577981', 'ba595a31-faec-47f6-82fc-de97ad2bddd5');
INSERT INTO sourcing_activity (id, candidate_id, sourced_at, source_platform, recruiter_id, job_requisition_id) VALUES ('32da551c-468d-43c8-b537-5d64418c9942', '46d616ce-9dbd-4bbb-b596-a93daf919eda', '2025-09-12 00:00:00', 'Indeed', '0bc8f618-b587-4fdf-ae1a-8cd2869f3de5', '507a3f78-b6eb-43c2-a1d6-18bd902c713d');
INSERT INTO sourcing_activity (id, candidate_id, sourced_at, source_platform, recruiter_id, job_requisition_id) VALUES ('1cdce657-5c76-4560-856c-fcf6e518870c', '27a16cf3-349a-4468-adc1-b8b2fb5e47ac', '2025-07-09 00:00:00', 'LinkedIn', '59a8242e-99bc-4932-863d-c2227d12c5aa', 'f9ab1727-78d5-4f1f-8b48-c72d21619559');
INSERT INTO external_test (id, candidate_id, test_date, result) VALUES ('81c90532-022c-48cd-a2b2-94833e257002', 'b9d03d15-5ded-4625-a265-b8f57760369b', '2024-06-21 00:00:00', 'Pass');
INSERT INTO external_test (id, candidate_id, test_date, result) VALUES ('5fe852b2-f5c4-4e54-aea9-e362f5f83f6d', '013ed186-5d32-44cc-ab09-122060266419', '2024-01-18 00:00:00', 'Pending');
INSERT INTO external_test (id, candidate_id, test_date, result) VALUES ('186f402a-a098-4e8d-baae-179c3eb8d7bc', '8ecd39c9-b30d-4074-8561-56d5a1d6d89b', '2022-07-04 00:00:00', 'Fail');
INSERT INTO external_test (id, candidate_id, test_date, result) VALUES ('beda5c3b-9249-41f4-b178-4282ad338e2c', 'bc40ea47-62d8-4b2b-8e8d-dac5a5d0ec5f', '2024-04-30 00:00:00', 'Pass');
INSERT INTO external_test (id, candidate_id, test_date, result) VALUES ('c79c5f10-e188-49f1-b2f0-dcd8dc58727e', 'cb0209d0-7bcc-4ab5-8a85-5c0ece56d753', '2022-09-28 00:00:00', 'Pending');
INSERT INTO external_test (id, candidate_id, test_date, result) VALUES ('c630d3a9-8702-4c55-afeb-ec42da33b4aa', '8a680d53-d057-4dc0-8ac2-3e942bc843cd', '2024-01-20 00:00:00', 'Pending');
INSERT INTO external_test (id, candidate_id, test_date, result) VALUES ('510722df-5e74-4b35-8307-1a3bca6cf536', 'e728170b-8a58-4880-9cb1-eddceb4197be', '2023-07-13 00:00:00', 'Pass');
INSERT INTO external_test (id, candidate_id, test_date, result) VALUES ('5b5171dc-ee46-4e45-be21-b45abe302b99', '331b7c19-1c0a-4a9e-8d72-29761b00d51d', '2024-09-13 00:00:00', 'Fail');
INSERT INTO external_test (id, candidate_id, test_date, result) VALUES ('2677ce1f-0831-4d52-9043-24d66058e7e5', '67ed7812-bf5b-4fb4-9a57-a1f55212b9fe', '2023-11-25 00:00:00', 'Pass');
INSERT INTO external_test (id, candidate_id, test_date, result) VALUES ('f8385d12-e56d-460c-b6e5-19214a58effe', 'b749a80d-eafe-47f8-9b3f-7a31852ba148', '2022-06-04 00:00:00', 'Pass');
INSERT INTO external_test (id, candidate_id, test_date, result) VALUES ('63ee8885-2853-4615-89be-a5109ae5fb47', 'b64b8b16-e06d-40a2-946e-0f5ccfb2ae9e', '2023-04-08 00:00:00', 'Pending');
INSERT INTO external_test (id, candidate_id, test_date, result) VALUES ('dbb56fe5-da4f-49ab-890f-6b9437a0f068', '6f857305-3e4b-4b4a-9b8c-0a3f1311b798', '2025-10-13 00:00:00', 'Fail');
INSERT INTO external_test (id, candidate_id, test_date, result) VALUES ('cf37864b-bffb-474b-b207-16652545e31c', 'e2419318-36bb-46f9-bcca-ee12f29fd776', '2025-02-15 00:00:00', 'Fail');
INSERT INTO external_test (id, candidate_id, test_date, result) VALUES ('f7d24c5b-f0d8-4f9b-b71d-628eb6460d4f', '12845a9e-d330-4b9e-940f-070d0afce5b5', '2024-03-19 00:00:00', 'Pass');
INSERT INTO external_test (id, candidate_id, test_date, result) VALUES ('d90b9268-6a5f-435f-96e9-bc45a5f18c52', '331b7c19-1c0a-4a9e-8d72-29761b00d51d', '2025-01-03 00:00:00', 'Pass');
INSERT INTO external_test (id, candidate_id, test_date, result) VALUES ('714aba02-c817-4018-9dde-901914c73053', 'b749a80d-eafe-47f8-9b3f-7a31852ba148', '2024-01-25 00:00:00', 'Pending');
INSERT INTO external_test (id, candidate_id, test_date, result) VALUES ('13caecf3-c49c-44cf-bd15-1c6fe3230d64', '67ed7812-bf5b-4fb4-9a57-a1f55212b9fe', '2025-10-08 00:00:00', 'Fail');
INSERT INTO external_test (id, candidate_id, test_date, result) VALUES ('3b6e1426-7c1f-4311-8337-1a08f8ba1b18', '013ed186-5d32-44cc-ab09-122060266419', '2024-02-20 00:00:00', 'Pending');
INSERT INTO external_test (id, candidate_id, test_date, result) VALUES ('027ce99e-8069-4d52-a3a0-633c62731d53', 'b6c62436-5370-41fe-88f4-5a1d1ee646e5', '2022-08-10 00:00:00', 'Pending');
INSERT INTO external_test (id, candidate_id, test_date, result) VALUES ('5afa1ead-0c43-4fda-bf1e-f52f1f516aec', '75a24a0b-ac9c-47b5-8430-c14bee370592', '2024-08-23 00:00:00', 'Pass');
INSERT INTO external_test (id, candidate_id, test_date, result) VALUES ('21af95f2-e195-4c82-b1dd-2cd06b2bce33', '1f526662-4163-4477-be4c-2a767473fca3', '2025-02-23 00:00:00', 'Fail');
INSERT INTO external_test (id, candidate_id, test_date, result) VALUES ('c6165d7d-c111-4b7b-98b0-74bf268ae7ae', '704db74e-1f7e-462f-ab1c-86d11244f155', '2025-06-03 00:00:00', 'Pass');
INSERT INTO external_test (id, candidate_id, test_date, result) VALUES ('b7b5fe64-877a-4f0f-8af2-75e0eebc0ae1', 'ca186fef-9ae4-4289-814e-d47c577caab5', '2022-05-10 00:00:00', 'Pending');
INSERT INTO external_test (id, candidate_id, test_date, result) VALUES ('3cf15930-23ee-47f7-aa41-977eb556be59', '84451428-b554-4f79-b405-59d49c1c226a', '2024-08-08 00:00:00', 'Pending');
INSERT INTO external_test (id, candidate_id, test_date, result) VALUES ('abdc8abf-442e-472f-a9f8-2bf917191132', 'b9d03d15-5ded-4625-a265-b8f57760369b', '2025-08-22 00:00:00', 'Fail');
INSERT INTO external_test (id, candidate_id, test_date, result) VALUES ('9dca3a95-3165-48ac-a94a-76fa5252ab6b', '45133c73-28cb-4bf7-9a1d-961506b488f6', '2022-10-14 00:00:00', 'Pass');
INSERT INTO external_test (id, candidate_id, test_date, result) VALUES ('bb8068b5-401d-41a8-9c35-056db1ab500b', '17a34e1d-73bc-46a4-9ed6-ab28db3ff343', '2023-09-16 00:00:00', 'Fail');
INSERT INTO external_test (id, candidate_id, test_date, result) VALUES ('4bee1ac4-869d-468d-b702-a30806e3443b', '45133c73-28cb-4bf7-9a1d-961506b488f6', '2022-07-19 00:00:00', 'Pass');
INSERT INTO external_test (id, candidate_id, test_date, result) VALUES ('348c46d4-cf08-4849-ad71-ade1c48eef49', '8a680d53-d057-4dc0-8ac2-3e942bc843cd', '2025-01-05 00:00:00', 'Pass');
INSERT INTO external_test (id, candidate_id, test_date, result) VALUES ('55599331-8c0f-4e19-a32d-52f2e555642b', '8946b4a0-d1df-4da5-98f6-4bd0b1001f07', '2024-07-18 00:00:00', 'Fail');
INSERT INTO external_test (id, candidate_id, test_date, result) VALUES ('99ddf548-4fef-4d14-8905-cfca7d77b8c6', 'b5ab92e7-e057-4578-86a3-7f7d43abb4ae', '2025-11-27 00:00:00', 'Pending');
INSERT INTO external_test (id, candidate_id, test_date, result) VALUES ('46877556-4ded-4959-8029-2620d8d4abc6', '7eb83b44-75fa-4844-b183-32ce087fda59', '2025-04-17 00:00:00', 'Pending');
INSERT INTO external_test (id, candidate_id, test_date, result) VALUES ('81d2a31b-7720-4308-977d-d70c319af423', '6f857305-3e4b-4b4a-9b8c-0a3f1311b798', '2022-11-13 00:00:00', 'Fail');
INSERT INTO external_test (id, candidate_id, test_date, result) VALUES ('334cad1d-8966-4a5b-9f72-caa17afaf46e', 'ca186fef-9ae4-4289-814e-d47c577caab5', '2022-07-22 00:00:00', 'Fail');
INSERT INTO external_test (id, candidate_id, test_date, result) VALUES ('b903e747-9ebd-4eee-bfba-2dd7bf43faa4', '1f526662-4163-4477-be4c-2a767473fca3', '2024-04-15 00:00:00', 'Fail');
INSERT INTO external_test (id, candidate_id, test_date, result) VALUES ('f912c055-0188-4e2b-9a2b-f96c4ced568e', '17a34e1d-73bc-46a4-9ed6-ab28db3ff343', '2025-11-14 00:00:00', 'Fail');
INSERT INTO external_test (id, candidate_id, test_date, result) VALUES ('42c23c8b-b675-4a39-922d-000d938b2c57', 'd5345435-728a-4664-af39-c9e4a2b936c7', '2024-06-27 00:00:00', 'Fail');
INSERT INTO external_test (id, candidate_id, test_date, result) VALUES ('ad13dfbc-9f99-436c-95c1-d02ae5d8f251', 'a0b2304d-6be8-4652-b1be-0921dcf67864', '2024-01-13 00:00:00', 'Pass');
INSERT INTO external_test (id, candidate_id, test_date, result) VALUES ('78db326a-a318-4448-afcd-02c4c36f77e5', '46d616ce-9dbd-4bbb-b596-a93daf919eda', '2024-01-23 00:00:00', 'Pending');
INSERT INTO external_test (id, candidate_id, test_date, result) VALUES ('28cb81c1-7f2b-4c8f-b103-a6de9d0aea98', 'e1b39589-0214-4422-9c4d-3f4c2957b353', '2025-08-13 00:00:00', 'Fail');
INSERT INTO external_test (id, candidate_id, test_date, result) VALUES ('2db5c1f8-b284-480f-927c-0dc0fc1c7577', 'e68fc474-c1e5-49b2-81ca-ed3abcbcdebc', '2024-03-26 00:00:00', 'Fail');
INSERT INTO external_test (id, candidate_id, test_date, result) VALUES ('919aba7b-0278-40e5-8210-a602bacac231', 'cb0209d0-7bcc-4ab5-8a85-5c0ece56d753', '2022-09-08 00:00:00', 'Fail');
INSERT INTO external_test (id, candidate_id, test_date, result) VALUES ('f5c4ffb4-6464-4ee0-92fd-7f9c5139b105', '12845a9e-d330-4b9e-940f-070d0afce5b5', '2025-09-19 00:00:00', 'Pass');
INSERT INTO external_test (id, candidate_id, test_date, result) VALUES ('d44ce805-6c45-465e-8e90-fca5abb37295', 'ca186fef-9ae4-4289-814e-d47c577caab5', '2025-08-02 00:00:00', 'Pending');
INSERT INTO external_test (id, candidate_id, test_date, result) VALUES ('4b6713d5-e690-460e-a067-9ac59852ae46', '641fbbf8-fd81-4da9-a1dc-c7dda72fae8b', '2022-04-14 00:00:00', 'Fail');
INSERT INTO external_test (id, candidate_id, test_date, result) VALUES ('7315d6a1-ef2d-4a03-a323-bd3408cc24a7', 'a0b2304d-6be8-4652-b1be-0921dcf67864', '2022-09-15 00:00:00', 'Pending');
INSERT INTO external_test (id, candidate_id, test_date, result) VALUES ('a1c9382b-dfb8-49ea-8bf5-cf964d17dfae', 'd5345435-728a-4664-af39-c9e4a2b936c7', '2022-05-21 00:00:00', 'Pending');
INSERT INTO external_test (id, candidate_id, test_date, result) VALUES ('c72f1b8b-ce34-4da1-8cfd-f1aeab1a9eec', 'd5345435-728a-4664-af39-c9e4a2b936c7', '2025-04-15 00:00:00', 'Pass');
INSERT INTO external_test (id, candidate_id, test_date, result) VALUES ('9e48853e-9b5e-4537-8afe-d032fb53852a', '84451428-b554-4f79-b405-59d49c1c226a', '2023-04-23 00:00:00', 'Fail');
INSERT INTO external_test (id, candidate_id, test_date, result) VALUES ('6e501b0f-8074-4289-be87-186d8dc58915', 'c4f9e90b-93d9-4f95-88dd-e3c25dbeeeba', '2022-10-30 00:00:00', 'Pending');
INSERT INTO external_test (id, candidate_id, test_date, result) VALUES ('a2a95567-2c21-45b4-a9da-5034ebfa879a', '98818bb0-1db9-4993-984c-c13ff009a8f2', '2023-07-22 00:00:00', 'Pass');
INSERT INTO external_test (id, candidate_id, test_date, result) VALUES ('d664d449-b121-4a0c-81f7-a8893cfad2a1', '8ecd39c9-b30d-4074-8561-56d5a1d6d89b', '2025-01-11 00:00:00', 'Fail');
INSERT INTO external_test (id, candidate_id, test_date, result) VALUES ('b633102c-8e1a-4ea0-a760-59ec0d68fc35', '25f5af5e-c903-43bf-944c-908d32ed8a14', '2022-12-24 00:00:00', 'Pass');
INSERT INTO external_test (id, candidate_id, test_date, result) VALUES ('7fffae9a-9f19-4824-9530-dd317eefe4be', 'b5ab92e7-e057-4578-86a3-7f7d43abb4ae', '2022-02-22 00:00:00', 'Pass');
INSERT INTO external_test (id, candidate_id, test_date, result) VALUES ('b0f58e3b-2d28-41a3-a1ba-925cbf80461a', '98818bb0-1db9-4993-984c-c13ff009a8f2', '2024-01-04 00:00:00', 'Pass');
INSERT INTO external_test (id, candidate_id, test_date, result) VALUES ('1618850a-de0b-49b1-ac5f-7c438c5ed38c', '013ed186-5d32-44cc-ab09-122060266419', '2023-10-26 00:00:00', 'Pass');
INSERT INTO external_test (id, candidate_id, test_date, result) VALUES ('61fecc4a-8cd8-4d10-bf22-129ed64e1d14', 'b7a15d55-dbc3-44a5-913f-ff2182aaa722', '2023-06-28 00:00:00', 'Pass');
INSERT INTO external_test (id, candidate_id, test_date, result) VALUES ('a4099f6a-afed-43aa-997d-df53746ce05c', '8ecd39c9-b30d-4074-8561-56d5a1d6d89b', '2024-05-12 00:00:00', 'Pending');
INSERT INTO external_test (id, candidate_id, test_date, result) VALUES ('42dae23f-7760-457a-b6aa-c377538a0760', '45133c73-28cb-4bf7-9a1d-961506b488f6', '2022-05-11 00:00:00', 'Fail');
INSERT INTO external_test (id, candidate_id, test_date, result) VALUES ('d699092a-aee1-438c-b086-bf7ff1b6bede', '1d0f487f-b68f-478e-9ebb-82d15002c1d0', '2024-01-12 00:00:00', 'Pending');
INSERT INTO panel_member (id, name) VALUES ('4bbe28a0-b4a4-4b37-a4eb-651afbeca127', 'Morgan Chen');
INSERT INTO panel_member (id, name) VALUES ('807cd085-3a00-499b-8ed3-66c5db074041', 'Steve White');
INSERT INTO panel_member (id, name) VALUES ('09b2db45-f73a-40bd-b1f8-bbcabd864ddc', 'Jordan Hernandez');
INSERT INTO panel_member (id, name) VALUES ('a6b9e182-8efb-40c4-963d-923da24621a0', 'Sage Wang');
INSERT INTO panel_member (id, name) VALUES ('d34907b3-ede7-4fb2-9296-142d01f7755a', 'Sam Brown');
INSERT INTO panel_member (id, name) VALUES ('50f9cbc1-6c76-41d1-ab19-82b8199428fe', 'Jane Rao');
INSERT INTO panel_member (id, name) VALUES ('a7e18085-413d-4e70-8766-012e924d0345', 'Nico Davis');
INSERT INTO panel_member (id, name) VALUES ('959fc0d0-42ad-4a2c-a463-8d68d232c276', 'Priya Chen');
INSERT INTO panel_member (id, name) VALUES ('1f8a9b8f-1c3a-4753-93f7-7af4f80dd4c4', 'Casey Martinez');
INSERT INTO panel_member (id, name) VALUES ('c433a27d-19f4-47bb-8c9c-92e48f3a0ae6', 'Harper Moore');
INSERT INTO panel_member (id, name) VALUES ('35a00db8-5de3-43b6-b728-71f905132f1d', 'Casey Wilson');
INSERT INTO panel_member (id, name) VALUES ('6a3a6e27-05a8-4314-8631-4cda51b09e35', 'Hayden Khan');
INSERT INTO panel_member (id, name) VALUES ('4d98a907-8167-4fae-a73b-cac743af7a46', 'Elliot Hernandez');
INSERT INTO panel_member (id, name) VALUES ('34948c48-ce8e-40d2-bd3d-8daa44be3d4f', 'Emerson Wang');
INSERT INTO panel_member (id, name) VALUES ('72e54aef-d0b8-489c-9bcc-4f7096b45d53', 'Steve Verma');
INSERT INTO panel_member (id, name) VALUES ('bf7071ea-b335-4e34-9610-cb5fa5f3d0ab', 'Morgan Miller');
INSERT INTO panel_member (id, name) VALUES ('8c498c0c-a881-42d3-8c56-911b738bd528', 'Leila Jackson');
INSERT INTO panel_member (id, name) VALUES ('a9f34e18-a4c4-427f-951d-e72d792cc7aa', 'Nico Chen');
INSERT INTO interview (id, scheduled_at, updated_at, interview_type, status, reschedule_reason, candidate_id, job_requisition_id) VALUES ('b5d4c4de-c8f5-48bb-b0c7-a980b4c9be6d', '2024-04-27 00:00:00', '2023-11-26', 'Onsite', 'Rescheduled', '', '8a680d53-d057-4dc0-8ac2-3e942bc843cd', '0625d70d-c920-46e5-880a-28dd71936595');
INSERT INTO interview (id, scheduled_at, updated_at, interview_type, status, reschedule_reason, candidate_id, job_requisition_id) VALUES ('c1e6a86b-aaab-4b96-9601-fa676fec656a', '2023-10-03 00:00:00', '2024-05-24', 'Onsite', 'Cancelled', 'Other', '6f857305-3e4b-4b4a-9b8c-0a3f1311b798', 'de71fc34-5071-4594-a369-65bd2c4ae21c');
INSERT INTO interview (id, scheduled_at, updated_at, interview_type, status, reschedule_reason, candidate_id, job_requisition_id) VALUES ('c498a944-fbad-4be4-99b4-e8295701a570', '2024-08-29 00:00:00', '2022-05-18', 'Phone', 'Scheduled', 'Candidate request', '1ee5d987-f405-4f79-971e-92620a5a6bd5', '7991a782-2e92-43aa-aeb6-cf28e8843216');
INSERT INTO interview (id, scheduled_at, updated_at, interview_type, status, reschedule_reason, candidate_id, job_requisition_id) VALUES ('6a979255-de7b-4a8e-af03-19d804fa55cf', '2024-02-03 00:00:00', '2022-09-24', 'Video', 'Scheduled', 'Other', '10deb03f-e941-427d-8f68-2d349e710a19', 'de71fc34-5071-4594-a369-65bd2c4ae21c');
INSERT INTO interview (id, scheduled_at, updated_at, interview_type, status, reschedule_reason, candidate_id, job_requisition_id) VALUES ('e2a5455b-a67d-4edb-841f-690f0f5f1a67', '2024-04-21 00:00:00', '2023-12-26', 'Video', 'Rescheduled', 'Candidate request', 'b5ab92e7-e057-4578-86a3-7f7d43abb4ae', 'de71fc34-5071-4594-a369-65bd2c4ae21c');
INSERT INTO interview (id, scheduled_at, updated_at, interview_type, status, reschedule_reason, candidate_id, job_requisition_id) VALUES ('d9e03bfd-48d8-4ff9-a094-436fbf9142c2', '2023-10-02 00:00:00', '2023-12-22', 'Phone', 'Completed', 'Interviewer unavailable', 'e1d80291-d05d-4bf3-a084-a238b7c5bd9f', '428e791c-ec59-45e9-9bcc-713b8b967e5b');
INSERT INTO interview (id, scheduled_at, updated_at, interview_type, status, reschedule_reason, candidate_id, job_requisition_id) VALUES ('3c93c766-e3a6-4995-b7e1-1be30f7a2f16', '2023-04-05 00:00:00', '2022-08-10', 'Onsite', 'Cancelled', 'Candidate request', 'b5ab92e7-e057-4578-86a3-7f7d43abb4ae', 'a67669b6-83f5-4f40-8476-61c88e5f9241');
INSERT INTO interview (id, scheduled_at, updated_at, interview_type, status, reschedule_reason, candidate_id, job_requisition_id) VALUES ('bced34b6-2d9b-4d32-ade9-83fa29dab251', '2025-03-21 00:00:00', '2023-04-09', 'Onsite', 'Scheduled', 'Other', 'b64b8b16-e06d-40a2-946e-0f5ccfb2ae9e', '53ad13da-61a4-4b08-8a52-72f237b73b4f');
INSERT INTO interview (id, scheduled_at, updated_at, interview_type, status, reschedule_reason, candidate_id, job_requisition_id) VALUES ('2d4f8459-8e96-488e-aa46-12e36b8cb1a1', '2023-07-14 00:00:00', '2025-12-10', 'Onsite', 'Cancelled', 'Other', '641fbbf8-fd81-4da9-a1dc-c7dda72fae8b', 'afe35574-b1dd-4c2d-9d12-b1e914dc50b8');
INSERT INTO interview (id, scheduled_at, updated_at, interview_type, status, reschedule_reason, candidate_id, job_requisition_id) VALUES ('9c9466a0-1fef-404c-aab2-8cdeb06c9bb3', '2022-10-21 00:00:00', '2025-03-05', 'Video', 'Rescheduled', 'Candidate request', '98818bb0-1db9-4993-984c-c13ff009a8f2', 'afe35574-b1dd-4c2d-9d12-b1e914dc50b8');
INSERT INTO interview (id, scheduled_at, updated_at, interview_type, status, reschedule_reason, candidate_id, job_requisition_id) VALUES ('344699a2-5cd5-4c60-a9ba-218c066412d9', '2025-07-20 00:00:00', '2022-03-04', 'Phone', 'Completed', '', '1ee5d987-f405-4f79-971e-92620a5a6bd5', '507a3f78-b6eb-43c2-a1d6-18bd902c713d');
INSERT INTO interview (id, scheduled_at, updated_at, interview_type, status, reschedule_reason, candidate_id, job_requisition_id) VALUES ('c066bda3-2a14-4a78-a924-475ba00e8a4e', '2023-11-30 00:00:00', '2022-11-19', 'Onsite', 'Cancelled', 'Other', '7eb83b44-75fa-4844-b183-32ce087fda59', '046b6689-be79-4078-ad10-82854c7858cd');
INSERT INTO interview (id, scheduled_at, updated_at, interview_type, status, reschedule_reason, candidate_id, job_requisition_id) VALUES ('b7c67b2e-01a3-45ff-8517-38de145ea296', '2025-05-06 00:00:00', '2022-06-23', 'Phone', 'Completed', 'Interviewer unavailable', 'c4f9e90b-93d9-4f95-88dd-e3c25dbeeeba', 'da1c59fa-f456-40e4-a4a9-9ff1b20e1a92');
INSERT INTO interview (id, scheduled_at, updated_at, interview_type, status, reschedule_reason, candidate_id, job_requisition_id) VALUES ('0e418701-57b3-4a20-b40e-f21118bcf9dd', '2022-04-12 00:00:00', '2025-10-12', 'Phone', 'Cancelled', '', 'b64b8b16-e06d-40a2-946e-0f5ccfb2ae9e', '428e791c-ec59-45e9-9bcc-713b8b967e5b');
INSERT INTO interview (id, scheduled_at, updated_at, interview_type, status, reschedule_reason, candidate_id, job_requisition_id) VALUES ('f8a8eb5d-5e93-42a6-8f57-7926a5571795', '2024-09-21 00:00:00', '2025-05-28', 'Onsite', 'Rescheduled', 'Other', 'b5ab92e7-e057-4578-86a3-7f7d43abb4ae', '7fba9b30-65ba-40f7-8b18-b8b56d85b8cc');
INSERT INTO interview (id, scheduled_at, updated_at, interview_type, status, reschedule_reason, candidate_id, job_requisition_id) VALUES ('ecd648e1-43c2-4daa-ac67-776003e19e86', '2024-11-15 00:00:00', '2022-08-22', 'Onsite', 'Rescheduled', 'Candidate request', 'd5345435-728a-4664-af39-c9e4a2b936c7', 'f64cc15a-45db-4ba5-8247-4ef798e3bad8');
INSERT INTO interview (id, scheduled_at, updated_at, interview_type, status, reschedule_reason, candidate_id, job_requisition_id) VALUES ('c286fe3b-2602-444c-aefc-ec4f7b43b778', '2025-10-21 00:00:00', '2025-04-29', 'Onsite', 'Cancelled', 'Candidate request', 'e1d80291-d05d-4bf3-a084-a238b7c5bd9f', '7991a782-2e92-43aa-aeb6-cf28e8843216');
INSERT INTO interview (id, scheduled_at, updated_at, interview_type, status, reschedule_reason, candidate_id, job_requisition_id) VALUES ('44b5a1fd-f8b6-4539-81d6-b5eb0a275a80', '2025-05-12 00:00:00', '2022-04-23', 'Phone', 'Completed', 'Other', '75a24a0b-ac9c-47b5-8430-c14bee370592', '69932582-aedf-4c21-bc16-0ec09c598e1c');
INSERT INTO interview (id, scheduled_at, updated_at, interview_type, status, reschedule_reason, candidate_id, job_requisition_id) VALUES ('8cc30982-38cf-4346-b719-a83b2f303ea2', '2022-10-09 00:00:00', '2023-06-08', 'Onsite', 'Cancelled', 'Candidate request', 'd5345435-728a-4664-af39-c9e4a2b936c7', 'f64cc15a-45db-4ba5-8247-4ef798e3bad8');
INSERT INTO interview (id, scheduled_at, updated_at, interview_type, status, reschedule_reason, candidate_id, job_requisition_id) VALUES ('7ac54f09-0744-4766-9685-dd25b58e95c7', '2024-05-31 00:00:00', '2022-12-26', 'Phone', 'Rescheduled', 'Interviewer unavailable', '98818bb0-1db9-4993-984c-c13ff009a8f2', 'a67669b6-83f5-4f40-8476-61c88e5f9241');
INSERT INTO interview (id, scheduled_at, updated_at, interview_type, status, reschedule_reason, candidate_id, job_requisition_id) VALUES ('cc318050-82ed-4d38-b1e3-a060012aa893', '2025-09-30 00:00:00', '2023-12-27', 'Phone', 'Rescheduled', 'Candidate request', 'e728170b-8a58-4880-9cb1-eddceb4197be', 'c1a3ddd0-6141-4e2a-9a79-61f563acc885');
INSERT INTO interview (id, scheduled_at, updated_at, interview_type, status, reschedule_reason, candidate_id, job_requisition_id) VALUES ('789a349b-2def-4189-bbb1-83cde9a3a594', '2024-07-30 00:00:00', '2022-06-09', 'Onsite', 'Rescheduled', '', '10deb03f-e941-427d-8f68-2d349e710a19', '1dcdeb58-b9e6-43a1-9d31-641b5c801655');
INSERT INTO interview (id, scheduled_at, updated_at, interview_type, status, reschedule_reason, candidate_id, job_requisition_id) VALUES ('8744464d-cf08-4a1b-a5ce-b69ff42e25ec', '2024-05-05 00:00:00', '2023-08-16', 'Phone', 'Rescheduled', 'Candidate request', '61b8a89b-4712-41ae-a195-a0bf3119aaf3', '57de6d64-d04e-4585-ab5a-bf30b2439d81');
INSERT INTO interview (id, scheduled_at, updated_at, interview_type, status, reschedule_reason, candidate_id, job_requisition_id) VALUES ('47f630ac-7195-40d8-b15d-f38ddf6674f6', '2025-06-19 00:00:00', '2024-07-31', 'Video', 'Cancelled', 'Candidate request', 'bc40ea47-62d8-4b2b-8e8d-dac5a5d0ec5f', 'afe35574-b1dd-4c2d-9d12-b1e914dc50b8');
INSERT INTO interview (id, scheduled_at, updated_at, interview_type, status, reschedule_reason, candidate_id, job_requisition_id) VALUES ('c0b132e6-6018-43b5-924c-6e168903a166', '2022-08-05 00:00:00', '2023-05-14', 'Onsite', 'Rescheduled', 'Candidate request', '10deb03f-e941-427d-8f68-2d349e710a19', '77d8115f-d264-439f-ab01-7fe2596fe593');
INSERT INTO interview (id, scheduled_at, updated_at, interview_type, status, reschedule_reason, candidate_id, job_requisition_id) VALUES ('b6178dfa-aa09-4e80-8d5a-4ef02a457528', '2023-09-28 00:00:00', '2023-11-27', 'Phone', 'Cancelled', 'Interviewer unavailable', '3ca3c910-0949-47d8-86ea-a3a472726c59', '77d8115f-d264-439f-ab01-7fe2596fe593');
INSERT INTO interview (id, scheduled_at, updated_at, interview_type, status, reschedule_reason, candidate_id, job_requisition_id) VALUES ('ca45533d-cb5f-4c2b-8a59-ebffea89a5f0', '2025-07-20 00:00:00', '2022-08-22', 'Video', 'Completed', 'Other', 'dd71ab7f-280b-4a7a-ac3e-0adfb7642ef0', '22e3d3f7-9542-4285-b056-d1d0c8e8f196');
INSERT INTO interview (id, scheduled_at, updated_at, interview_type, status, reschedule_reason, candidate_id, job_requisition_id) VALUES ('9941351f-5b85-416c-b650-5237a712cd25', '2025-08-14 00:00:00', '2022-10-30', 'Phone', 'Scheduled', 'Interviewer unavailable', '6aea2777-500a-4e11-94b5-bdc1e9368d26', '507a3f78-b6eb-43c2-a1d6-18bd902c713d');
INSERT INTO interview (id, scheduled_at, updated_at, interview_type, status, reschedule_reason, candidate_id, job_requisition_id) VALUES ('f3dde7bc-114c-4e2d-93f4-648c8d09f3b8', '2022-12-22 00:00:00', '2025-05-18', 'Phone', 'Scheduled', 'Interviewer unavailable', '331b7c19-1c0a-4a9e-8d72-29761b00d51d', 'ba595a31-faec-47f6-82fc-de97ad2bddd5');
INSERT INTO interview (id, scheduled_at, updated_at, interview_type, status, reschedule_reason, candidate_id, job_requisition_id) VALUES ('1bde0ee4-bbb8-42ff-bdb3-4d560795c1cd', '2024-10-08 00:00:00', '2024-08-08', 'Video', 'Rescheduled', 'Other', 'c4f9e90b-93d9-4f95-88dd-e3c25dbeeeba', '57de6d64-d04e-4585-ab5a-bf30b2439d81');
INSERT INTO interview (id, scheduled_at, updated_at, interview_type, status, reschedule_reason, candidate_id, job_requisition_id) VALUES ('bc2707eb-8bc2-48df-a3fb-d4c7d9cbc814', '2023-10-10 00:00:00', '2022-11-06', 'Onsite', 'Scheduled', '', 'ef14bbdc-5693-40d4-975e-3ae84a0d2568', '57de6d64-d04e-4585-ab5a-bf30b2439d81');
INSERT INTO interview (id, scheduled_at, updated_at, interview_type, status, reschedule_reason, candidate_id, job_requisition_id) VALUES ('016e31f9-7030-412e-b413-ba41689c3cc9', '2023-09-13 00:00:00', '2023-07-17', 'Video', 'Scheduled', 'Other', '1d0f487f-b68f-478e-9ebb-82d15002c1d0', '57de6d64-d04e-4585-ab5a-bf30b2439d81');
INSERT INTO interview (id, scheduled_at, updated_at, interview_type, status, reschedule_reason, candidate_id, job_requisition_id) VALUES ('800d3106-29dd-47ea-9e37-10973e989579', '2023-09-28 00:00:00', '2024-08-03', 'Onsite', 'Scheduled', 'Candidate request', 'e728170b-8a58-4880-9cb1-eddceb4197be', 'd84af4ef-e7e8-4c40-9213-0999b070a6fe');
INSERT INTO interview (id, scheduled_at, updated_at, interview_type, status, reschedule_reason, candidate_id, job_requisition_id) VALUES ('a332d7fe-5818-4ea0-9586-6569cfb432b9', '2023-08-11 00:00:00', '2022-06-07', 'Video', 'Scheduled', '', 'b6c62436-5370-41fe-88f4-5a1d1ee646e5', 'a1472a00-cf8a-474e-ad25-9d8b87354d2b');
INSERT INTO interview (id, scheduled_at, updated_at, interview_type, status, reschedule_reason, candidate_id, job_requisition_id) VALUES ('80e14a91-0358-4105-bf35-8624a6e75589', '2025-02-09 00:00:00', '2022-03-26', 'Onsite', 'Completed', 'Other', 'b749a80d-eafe-47f8-9b3f-7a31852ba148', 'da1c59fa-f456-40e4-a4a9-9ff1b20e1a92');
INSERT INTO interview (id, scheduled_at, updated_at, interview_type, status, reschedule_reason, candidate_id, job_requisition_id) VALUES ('68966105-b923-410c-84eb-e378e608bb5b', '2024-10-23 00:00:00', '2022-11-05', 'Phone', 'Rescheduled', 'Candidate request', 'd53814e1-3122-4730-9d7b-973a302e5376', 'a67669b6-83f5-4f40-8476-61c88e5f9241');
INSERT INTO interview (id, scheduled_at, updated_at, interview_type, status, reschedule_reason, candidate_id, job_requisition_id) VALUES ('e772a6eb-d734-47ce-8ef7-3f51bfd5dea9', '2023-12-05 00:00:00', '2022-06-22', 'Video', 'Completed', 'Candidate request', '25f5af5e-c903-43bf-944c-908d32ed8a14', 'f9ab1727-78d5-4f1f-8b48-c72d21619559');
INSERT INTO interview (id, scheduled_at, updated_at, interview_type, status, reschedule_reason, candidate_id, job_requisition_id) VALUES ('4509f9c2-5e6e-4938-b167-6810e88d848f', '2024-06-15 00:00:00', '2024-06-18', 'Video', 'Completed', 'Other', 'a0b2304d-6be8-4652-b1be-0921dcf67864', '0a38a28d-e7fa-4dae-8666-1c8c130239c7');
INSERT INTO interview (id, scheduled_at, updated_at, interview_type, status, reschedule_reason, candidate_id, job_requisition_id) VALUES ('31739c54-431a-481b-9dc5-47a6ff07015d', '2023-08-03 00:00:00', '2024-03-04', 'Onsite', 'Cancelled', 'Candidate request', 'b6c62436-5370-41fe-88f4-5a1d1ee646e5', '27d77499-357a-4abd-b970-cfc149e17adf');
INSERT INTO interview (id, scheduled_at, updated_at, interview_type, status, reschedule_reason, candidate_id, job_requisition_id) VALUES ('0e620fb5-6046-4139-b3d2-ed80a5b33f7e', '2025-08-18 00:00:00', '2023-11-17', 'Phone', 'Cancelled', 'Candidate request', '6c803f1a-af89-4f0e-b8fa-2b8c3cb023df', '57de6d64-d04e-4585-ab5a-bf30b2439d81');
INSERT INTO interview (id, scheduled_at, updated_at, interview_type, status, reschedule_reason, candidate_id, job_requisition_id) VALUES ('783ad186-57d6-4bb8-8723-06f4861048fe', '2024-03-02 00:00:00', '2023-08-05', 'Onsite', 'Completed', 'Other', 'e8d302e8-9b48-4742-90d1-0075b658ca16', '7991a782-2e92-43aa-aeb6-cf28e8843216');
INSERT INTO interview (id, scheduled_at, updated_at, interview_type, status, reschedule_reason, candidate_id, job_requisition_id) VALUES ('43d52a09-41e3-4d63-a4cf-10f06b46f114', '2025-09-21 00:00:00', '2022-10-17', 'Onsite', 'Cancelled', '', '12845a9e-d330-4b9e-940f-070d0afce5b5', 'da1c59fa-f456-40e4-a4a9-9ff1b20e1a92');
INSERT INTO interview (id, scheduled_at, updated_at, interview_type, status, reschedule_reason, candidate_id, job_requisition_id) VALUES ('4519582a-9c8b-488a-ac34-8afe59d4a3f8', '2025-12-22 00:00:00', '2022-06-23', 'Onsite', 'Rescheduled', 'Other', '8ecd39c9-b30d-4074-8561-56d5a1d6d89b', '428e791c-ec59-45e9-9bcc-713b8b967e5b');
INSERT INTO interview (id, scheduled_at, updated_at, interview_type, status, reschedule_reason, candidate_id, job_requisition_id) VALUES ('6ab4bd3f-97ed-44a2-8d77-d39d360c6bab', '2025-10-04 00:00:00', '2025-12-10', 'Video', 'Scheduled', '', '84451428-b554-4f79-b405-59d49c1c226a', '21bdbd2f-c6bf-454f-9c8e-ad8211147394');
INSERT INTO interview (id, scheduled_at, updated_at, interview_type, status, reschedule_reason, candidate_id, job_requisition_id) VALUES ('15155afa-2aa9-4b62-a2db-2b94fd89f534', '2022-02-07 00:00:00', '2024-01-13', 'Onsite', 'Completed', 'Interviewer unavailable', 'e728170b-8a58-4880-9cb1-eddceb4197be', '9932fba0-b209-462d-a3d7-6e6f1d3838bc');
INSERT INTO interview (id, scheduled_at, updated_at, interview_type, status, reschedule_reason, candidate_id, job_requisition_id) VALUES ('beb10d56-8426-4e2e-8d28-1929105e0acf', '2024-09-22 00:00:00', '2023-01-29', 'Phone', 'Completed', 'Interviewer unavailable', '1cf0518e-3c06-48bd-a0c5-c11100ac88f8', 'f64cc15a-45db-4ba5-8247-4ef798e3bad8');
INSERT INTO interview (id, scheduled_at, updated_at, interview_type, status, reschedule_reason, candidate_id, job_requisition_id) VALUES ('b5395ddf-65ae-4429-9127-3a92108e24de', '2022-07-27 00:00:00', '2024-11-05', 'Video', 'Scheduled', 'Other', 'dd71ab7f-280b-4a7a-ac3e-0adfb7642ef0', 'a5dc579a-f599-4307-a3a3-ef4843733169');
INSERT INTO interview (id, scheduled_at, updated_at, interview_type, status, reschedule_reason, candidate_id, job_requisition_id) VALUES ('c4f4d3d7-6e7d-4e43-ae06-38839e967474', '2025-06-19 00:00:00', '2022-09-26', 'Video', 'Rescheduled', 'Interviewer unavailable', '8a680d53-d057-4dc0-8ac2-3e942bc843cd', 'f64cc15a-45db-4ba5-8247-4ef798e3bad8');
INSERT INTO interview (id, scheduled_at, updated_at, interview_type, status, reschedule_reason, candidate_id, job_requisition_id) VALUES ('3e45d22a-77bc-4a07-b470-411c1977120a', '2025-11-19 00:00:00', '2025-07-03', 'Phone', 'Rescheduled', 'Candidate request', '38108624-bd6a-41c2-a113-7a74c43d6820', 'afe35574-b1dd-4c2d-9d12-b1e914dc50b8');
INSERT INTO interview (id, scheduled_at, updated_at, interview_type, status, reschedule_reason, candidate_id, job_requisition_id) VALUES ('a9c15925-7a91-4364-a069-c0b226d1a191', '2025-10-17 00:00:00', '2023-05-02', 'Onsite', 'Cancelled', '', '7eb83b44-75fa-4844-b183-32ce087fda59', '9932fba0-b209-462d-a3d7-6e6f1d3838bc');
INSERT INTO interview (id, scheduled_at, updated_at, interview_type, status, reschedule_reason, candidate_id, job_requisition_id) VALUES ('0deffb9c-ff3c-4971-8a1f-5f8ca8f8bbc4', '2023-05-05 00:00:00', '2023-09-26', 'Onsite', 'Completed', 'Other', '75a24a0b-ac9c-47b5-8430-c14bee370592', 'c1a3ddd0-6141-4e2a-9a79-61f563acc885');
INSERT INTO interview (id, scheduled_at, updated_at, interview_type, status, reschedule_reason, candidate_id, job_requisition_id) VALUES ('bc036d3c-becf-426d-8800-078ac01b34bf', '2024-06-21 00:00:00', '2024-08-03', 'Onsite', 'Rescheduled', '', '46d616ce-9dbd-4bbb-b596-a93daf919eda', 'da1c59fa-f456-40e4-a4a9-9ff1b20e1a92');
INSERT INTO interview (id, scheduled_at, updated_at, interview_type, status, reschedule_reason, candidate_id, job_requisition_id) VALUES ('a62b854d-ccb7-40de-96ad-0e575d11e0d7', '2023-02-13 00:00:00', '2025-05-23', 'Phone', 'Cancelled', 'Candidate request', '38108624-bd6a-41c2-a113-7a74c43d6820', 'a1472a00-cf8a-474e-ad25-9d8b87354d2b');
INSERT INTO interview (id, scheduled_at, updated_at, interview_type, status, reschedule_reason, candidate_id, job_requisition_id) VALUES ('dc9ccecf-2183-49d5-82d8-3aba500c6736', '2024-01-31 00:00:00', '2025-02-09', 'Phone', 'Scheduled', 'Other', 'ca186fef-9ae4-4289-814e-d47c577caab5', 'a67669b6-83f5-4f40-8476-61c88e5f9241');
INSERT INTO interview (id, scheduled_at, updated_at, interview_type, status, reschedule_reason, candidate_id, job_requisition_id) VALUES ('bd13d125-3b21-47d8-8433-33bc019d5264', '2022-11-25 00:00:00', '2023-07-13', 'Onsite', 'Completed', '', '12845a9e-d330-4b9e-940f-070d0afce5b5', 'f64cc15a-45db-4ba5-8247-4ef798e3bad8');
INSERT INTO interview (id, scheduled_at, updated_at, interview_type, status, reschedule_reason, candidate_id, job_requisition_id) VALUES ('14aa57c9-e69a-4f6a-b333-084aa8b7dbb5', '2023-03-31 00:00:00', '2024-07-12', 'Onsite', 'Scheduled', '', '12845a9e-d330-4b9e-940f-070d0afce5b5', '27d77499-357a-4abd-b970-cfc149e17adf');
INSERT INTO interview (id, scheduled_at, updated_at, interview_type, status, reschedule_reason, candidate_id, job_requisition_id) VALUES ('e2e7314a-24e0-4cb9-9a86-0b067bc5bf02', '2024-10-25 00:00:00', '2024-02-05', 'Phone', 'Rescheduled', 'Candidate request', 'e68fc474-c1e5-49b2-81ca-ed3abcbcdebc', '69932582-aedf-4c21-bc16-0ec09c598e1c');
INSERT INTO interview (id, scheduled_at, updated_at, interview_type, status, reschedule_reason, candidate_id, job_requisition_id) VALUES ('9f2997a4-384e-43f9-b4e0-83404644653c', '2022-02-27 00:00:00', '2023-10-15', 'Phone', 'Cancelled', 'Interviewer unavailable', 'b6c62436-5370-41fe-88f4-5a1d1ee646e5', '0625d70d-c920-46e5-880a-28dd71936595');
INSERT INTO interview (id, scheduled_at, updated_at, interview_type, status, reschedule_reason, candidate_id, job_requisition_id) VALUES ('de7f15e7-e0d4-4777-8927-766e6f54acf3', '2023-08-11 00:00:00', '2024-08-25', 'Video', 'Completed', '', '8ecd39c9-b30d-4074-8561-56d5a1d6d89b', 'eb75a41f-4a54-4561-962e-90ebf9708507');
INSERT INTO interview (id, scheduled_at, updated_at, interview_type, status, reschedule_reason, candidate_id, job_requisition_id) VALUES ('33374868-5e07-4ff4-81c5-8a18385cfba0', '2022-01-11 00:00:00', '2022-06-12', 'Phone', 'Cancelled', 'Interviewer unavailable', '1d0f487f-b68f-478e-9ebb-82d15002c1d0', '428e791c-ec59-45e9-9bcc-713b8b967e5b');
INSERT INTO interview_panel (id, panel_member_id, interview_id, role) VALUES ('90b74fb2-61ed-414c-8a79-857d37be3ed5', 'a9f34e18-a4c4-427f-951d-e72d792cc7aa', 'b5d4c4de-c8f5-48bb-b0c7-a980b4c9be6d', 'Observer');
INSERT INTO interview_panel (id, panel_member_id, interview_id, role) VALUES ('9ee045a2-9c63-4373-9022-0e34bbb264a9', '8c498c0c-a881-42d3-8c56-911b738bd528', 'c1e6a86b-aaab-4b96-9601-fa676fec656a', 'Chair');
INSERT INTO interview_panel (id, panel_member_id, interview_id, role) VALUES ('864e3798-fb7b-4768-8676-1749b366eea5', '34948c48-ce8e-40d2-bd3d-8daa44be3d4f', 'c1e6a86b-aaab-4b96-9601-fa676fec656a', 'Interviewer');
INSERT INTO interview_panel (id, panel_member_id, interview_id, role) VALUES ('544f6dea-3664-4720-bd30-b5b45f16e324', 'a6b9e182-8efb-40c4-963d-923da24621a0', 'c1e6a86b-aaab-4b96-9601-fa676fec656a', 'Chair');
INSERT INTO interview_panel (id, panel_member_id, interview_id, role) VALUES ('468de41e-8f9d-4a8a-95b9-2c7fd16610c2', '807cd085-3a00-499b-8ed3-66c5db074041', 'c498a944-fbad-4be4-99b4-e8295701a570', 'Interviewer');
INSERT INTO interview_panel (id, panel_member_id, interview_id, role) VALUES ('1f2ce1bc-0dae-47d4-b48c-8fd48dbe4ee7', '72e54aef-d0b8-489c-9bcc-4f7096b45d53', '6a979255-de7b-4a8e-af03-19d804fa55cf', 'Interviewer');
INSERT INTO interview_panel (id, panel_member_id, interview_id, role) VALUES ('7a5790d3-60fe-435e-9979-b360def9765e', '09b2db45-f73a-40bd-b1f8-bbcabd864ddc', '6a979255-de7b-4a8e-af03-19d804fa55cf', 'Chair');
INSERT INTO interview_panel (id, panel_member_id, interview_id, role) VALUES ('73f6f7f5-4c18-4152-b238-052838b18963', 'a9f34e18-a4c4-427f-951d-e72d792cc7aa', 'e2a5455b-a67d-4edb-841f-690f0f5f1a67', 'Observer');
INSERT INTO interview_panel (id, panel_member_id, interview_id, role) VALUES ('93461bdf-923c-4bad-b20d-c4a062dc06de', '4bbe28a0-b4a4-4b37-a4eb-651afbeca127', 'e2a5455b-a67d-4edb-841f-690f0f5f1a67', 'Interviewer');
INSERT INTO interview_panel (id, panel_member_id, interview_id, role) VALUES ('14a1d079-d174-4443-a85a-20adf31f2e6f', '959fc0d0-42ad-4a2c-a463-8d68d232c276', 'e2a5455b-a67d-4edb-841f-690f0f5f1a67', 'Chair');
INSERT INTO interview_panel (id, panel_member_id, interview_id, role) VALUES ('febce533-997c-45a9-9d45-49d031b7fcea', '4bbe28a0-b4a4-4b37-a4eb-651afbeca127', 'd9e03bfd-48d8-4ff9-a094-436fbf9142c2', 'Interviewer');
INSERT INTO interview_panel (id, panel_member_id, interview_id, role) VALUES ('3c387034-336b-467c-b008-1c045818de76', '6a3a6e27-05a8-4314-8631-4cda51b09e35', 'd9e03bfd-48d8-4ff9-a094-436fbf9142c2', 'Observer');
INSERT INTO interview_panel (id, panel_member_id, interview_id, role) VALUES ('695f5477-16e8-47f0-83e9-161faf143e36', '50f9cbc1-6c76-41d1-ab19-82b8199428fe', '3c93c766-e3a6-4995-b7e1-1be30f7a2f16', 'Observer');
INSERT INTO interview_panel (id, panel_member_id, interview_id, role) VALUES ('5890b022-f59f-44dc-add5-a3193ea3285b', '09b2db45-f73a-40bd-b1f8-bbcabd864ddc', '3c93c766-e3a6-4995-b7e1-1be30f7a2f16', 'Chair');
INSERT INTO interview_panel (id, panel_member_id, interview_id, role) VALUES ('94bc6b56-a7ae-4df4-b922-de03c5fef7e0', '8c498c0c-a881-42d3-8c56-911b738bd528', 'bced34b6-2d9b-4d32-ade9-83fa29dab251', 'Observer');
INSERT INTO interview_panel (id, panel_member_id, interview_id, role) VALUES ('f3af5a3a-1b8a-4734-bc8b-98365b71bfea', '8c498c0c-a881-42d3-8c56-911b738bd528', '2d4f8459-8e96-488e-aa46-12e36b8cb1a1', 'Chair');
INSERT INTO interview_panel (id, panel_member_id, interview_id, role) VALUES ('49634135-d506-44ca-94cc-89acea9e01ca', '4bbe28a0-b4a4-4b37-a4eb-651afbeca127', '2d4f8459-8e96-488e-aa46-12e36b8cb1a1', 'Interviewer');
INSERT INTO interview_panel (id, panel_member_id, interview_id, role) VALUES ('b55b0469-26e4-4737-912d-f8dbc1595594', '4d98a907-8167-4fae-a73b-cac743af7a46', '2d4f8459-8e96-488e-aa46-12e36b8cb1a1', 'Observer');
INSERT INTO interview_panel (id, panel_member_id, interview_id, role) VALUES ('09a24ce9-aafe-4704-9721-19d5ec8d3042', '6a3a6e27-05a8-4314-8631-4cda51b09e35', '9c9466a0-1fef-404c-aab2-8cdeb06c9bb3', 'Observer');
INSERT INTO interview_panel (id, panel_member_id, interview_id, role) VALUES ('40ad1f26-e9a7-4134-8198-43e9cf16245d', '1f8a9b8f-1c3a-4753-93f7-7af4f80dd4c4', '9c9466a0-1fef-404c-aab2-8cdeb06c9bb3', 'Interviewer');
INSERT INTO interview_panel (id, panel_member_id, interview_id, role) VALUES ('9aae164f-cfb1-4c03-a4f2-1e2374bba194', '09b2db45-f73a-40bd-b1f8-bbcabd864ddc', '344699a2-5cd5-4c60-a9ba-218c066412d9', 'Interviewer');
INSERT INTO interview_panel (id, panel_member_id, interview_id, role) VALUES ('5e4ab812-91a2-47da-a244-789f85de0449', '6a3a6e27-05a8-4314-8631-4cda51b09e35', '344699a2-5cd5-4c60-a9ba-218c066412d9', 'Observer');
INSERT INTO interview_panel (id, panel_member_id, interview_id, role) VALUES ('bc956ee3-1695-4ce7-9a9c-b5aa4e7ddd6d', 'a6b9e182-8efb-40c4-963d-923da24621a0', 'c066bda3-2a14-4a78-a924-475ba00e8a4e', 'Interviewer');
INSERT INTO interview_panel (id, panel_member_id, interview_id, role) VALUES ('f9861ded-251a-40ac-a0e7-5032bdd98647', '35a00db8-5de3-43b6-b728-71f905132f1d', 'c066bda3-2a14-4a78-a924-475ba00e8a4e', 'Chair');
INSERT INTO interview_panel (id, panel_member_id, interview_id, role) VALUES ('0f256d91-5abb-4242-8add-cc7f3ba34e75', 'd34907b3-ede7-4fb2-9296-142d01f7755a', 'c066bda3-2a14-4a78-a924-475ba00e8a4e', 'Observer');
INSERT INTO interview_panel (id, panel_member_id, interview_id, role) VALUES ('c11cfaef-e620-456f-b8e0-a00e885bc58d', '50f9cbc1-6c76-41d1-ab19-82b8199428fe', 'b7c67b2e-01a3-45ff-8517-38de145ea296', 'Observer');
INSERT INTO interview_panel (id, panel_member_id, interview_id, role) VALUES ('2da9ada0-f503-4954-b72e-356f81e86af7', '72e54aef-d0b8-489c-9bcc-4f7096b45d53', 'b7c67b2e-01a3-45ff-8517-38de145ea296', 'Chair');
INSERT INTO interview_panel (id, panel_member_id, interview_id, role) VALUES ('473afbbf-b8b7-443a-9677-4b7b0eca1da2', '50f9cbc1-6c76-41d1-ab19-82b8199428fe', '0e418701-57b3-4a20-b40e-f21118bcf9dd', 'Observer');
INSERT INTO interview_panel (id, panel_member_id, interview_id, role) VALUES ('afac8191-b0f4-4a2d-a8e1-0a39b46d1a3c', 'd34907b3-ede7-4fb2-9296-142d01f7755a', '0e418701-57b3-4a20-b40e-f21118bcf9dd', 'Chair');
INSERT INTO interview_panel (id, panel_member_id, interview_id, role) VALUES ('6d8b377f-9a02-4df1-8df3-1d9172d92437', '09b2db45-f73a-40bd-b1f8-bbcabd864ddc', '0e418701-57b3-4a20-b40e-f21118bcf9dd', 'Interviewer');
INSERT INTO interview_panel (id, panel_member_id, interview_id, role) VALUES ('0b08f229-0496-42ed-8c4e-3aa2b7f9e45c', 'a7e18085-413d-4e70-8766-012e924d0345', 'f8a8eb5d-5e93-42a6-8f57-7926a5571795', 'Interviewer');
INSERT INTO interview_panel (id, panel_member_id, interview_id, role) VALUES ('90d91878-7c6a-47c0-9283-e968097eb920', '807cd085-3a00-499b-8ed3-66c5db074041', 'f8a8eb5d-5e93-42a6-8f57-7926a5571795', 'Interviewer');
INSERT INTO interview_panel (id, panel_member_id, interview_id, role) VALUES ('cbd9a9cb-afcf-4a49-923f-85356017e1fd', 'c433a27d-19f4-47bb-8c9c-92e48f3a0ae6', 'ecd648e1-43c2-4daa-ac67-776003e19e86', 'Chair');
INSERT INTO interview_panel (id, panel_member_id, interview_id, role) VALUES ('7ebd8745-9826-4df2-bc71-56c4b8d46b15', '8c498c0c-a881-42d3-8c56-911b738bd528', 'ecd648e1-43c2-4daa-ac67-776003e19e86', 'Observer');
INSERT INTO interview_panel (id, panel_member_id, interview_id, role) VALUES ('446e2a16-2890-44ed-b05e-dbd86d8b9407', '1f8a9b8f-1c3a-4753-93f7-7af4f80dd4c4', 'c286fe3b-2602-444c-aefc-ec4f7b43b778', 'Observer');
INSERT INTO interview_panel (id, panel_member_id, interview_id, role) VALUES ('36e8bffe-8ece-4bd5-b26d-2cca067c246e', '807cd085-3a00-499b-8ed3-66c5db074041', 'c286fe3b-2602-444c-aefc-ec4f7b43b778', 'Interviewer');
INSERT INTO interview_panel (id, panel_member_id, interview_id, role) VALUES ('7e127cc0-ff80-43e0-a66e-94fc44f61dab', '6a3a6e27-05a8-4314-8631-4cda51b09e35', '44b5a1fd-f8b6-4539-81d6-b5eb0a275a80', 'Observer');
INSERT INTO interview_panel (id, panel_member_id, interview_id, role) VALUES ('b185f99e-3d4c-4bef-b342-233212267e57', '807cd085-3a00-499b-8ed3-66c5db074041', '44b5a1fd-f8b6-4539-81d6-b5eb0a275a80', 'Chair');
INSERT INTO interview_panel (id, panel_member_id, interview_id, role) VALUES ('249d854a-3f8d-456b-86c7-a9991dc22cfc', 'a6b9e182-8efb-40c4-963d-923da24621a0', '8cc30982-38cf-4346-b719-a83b2f303ea2', 'Chair');
INSERT INTO interview_panel (id, panel_member_id, interview_id, role) VALUES ('8cbd11c3-4af9-4844-8245-ee9d8b648edb', '6a3a6e27-05a8-4314-8631-4cda51b09e35', '8cc30982-38cf-4346-b719-a83b2f303ea2', 'Chair');
INSERT INTO interview_panel (id, panel_member_id, interview_id, role) VALUES ('2b64af2a-4b04-4b12-a448-7b750ea4b32f', '72e54aef-d0b8-489c-9bcc-4f7096b45d53', '7ac54f09-0744-4766-9685-dd25b58e95c7', 'Interviewer');
INSERT INTO interview_panel (id, panel_member_id, interview_id, role) VALUES ('189d8161-1462-4817-80b6-4734b4a149cd', '4d98a907-8167-4fae-a73b-cac743af7a46', '7ac54f09-0744-4766-9685-dd25b58e95c7', 'Chair');
INSERT INTO interview_panel (id, panel_member_id, interview_id, role) VALUES ('e20b9f57-ad1b-4849-a7a3-513f369954ec', '35a00db8-5de3-43b6-b728-71f905132f1d', '7ac54f09-0744-4766-9685-dd25b58e95c7', 'Observer');
INSERT INTO interview_panel (id, panel_member_id, interview_id, role) VALUES ('2291673a-6fa5-423a-aa94-7806a7281ce0', '6a3a6e27-05a8-4314-8631-4cda51b09e35', 'cc318050-82ed-4d38-b1e3-a060012aa893', 'Chair');
INSERT INTO interview_panel (id, panel_member_id, interview_id, role) VALUES ('2487e93b-da6c-4be8-958a-42e4cfe19d53', '8c498c0c-a881-42d3-8c56-911b738bd528', 'cc318050-82ed-4d38-b1e3-a060012aa893', 'Interviewer');
INSERT INTO interview_panel (id, panel_member_id, interview_id, role) VALUES ('db8c4b66-311e-41bf-bae7-c6c1efa4a4f6', '34948c48-ce8e-40d2-bd3d-8daa44be3d4f', '789a349b-2def-4189-bbb1-83cde9a3a594', 'Observer');
INSERT INTO interview_panel (id, panel_member_id, interview_id, role) VALUES ('17b84dd0-04cb-4102-8cec-6d54c04474f4', '09b2db45-f73a-40bd-b1f8-bbcabd864ddc', '789a349b-2def-4189-bbb1-83cde9a3a594', 'Interviewer');
INSERT INTO interview_panel (id, panel_member_id, interview_id, role) VALUES ('0221333e-2274-4972-9d6c-d4e860958cb1', 'a9f34e18-a4c4-427f-951d-e72d792cc7aa', '789a349b-2def-4189-bbb1-83cde9a3a594', 'Observer');
INSERT INTO interview_panel (id, panel_member_id, interview_id, role) VALUES ('c6d4c3ee-de9b-4f6c-8879-1c179e12d571', '35a00db8-5de3-43b6-b728-71f905132f1d', '8744464d-cf08-4a1b-a5ce-b69ff42e25ec', 'Interviewer');
INSERT INTO interview_panel (id, panel_member_id, interview_id, role) VALUES ('e9d6783e-06ba-4fc4-876b-02ca8d206c21', 'a6b9e182-8efb-40c4-963d-923da24621a0', '8744464d-cf08-4a1b-a5ce-b69ff42e25ec', 'Chair');
INSERT INTO interview_panel (id, panel_member_id, interview_id, role) VALUES ('2af950d7-0119-44ee-afd6-6a07c52e5df1', 'c433a27d-19f4-47bb-8c9c-92e48f3a0ae6', '47f630ac-7195-40d8-b15d-f38ddf6674f6', 'Observer');
INSERT INTO interview_panel (id, panel_member_id, interview_id, role) VALUES ('e2a9d898-03f0-4529-abe5-f29b33d859ce', 'a9f34e18-a4c4-427f-951d-e72d792cc7aa', '47f630ac-7195-40d8-b15d-f38ddf6674f6', 'Observer');
INSERT INTO interview_panel (id, panel_member_id, interview_id, role) VALUES ('06cb9f83-3fb3-41b6-ac5b-175dcef6966b', '72e54aef-d0b8-489c-9bcc-4f7096b45d53', '47f630ac-7195-40d8-b15d-f38ddf6674f6', 'Chair');
INSERT INTO interview_panel (id, panel_member_id, interview_id, role) VALUES ('94250b25-97d3-4a7a-bf10-07f821f143a9', '72e54aef-d0b8-489c-9bcc-4f7096b45d53', 'c0b132e6-6018-43b5-924c-6e168903a166', 'Chair');
INSERT INTO interview_panel (id, panel_member_id, interview_id, role) VALUES ('3e8b3f10-1cc8-449b-8a91-333f83b121a4', '807cd085-3a00-499b-8ed3-66c5db074041', 'b6178dfa-aa09-4e80-8d5a-4ef02a457528', 'Observer');
INSERT INTO interview_panel (id, panel_member_id, interview_id, role) VALUES ('07cf7e3e-3a72-4f10-a792-fca8bcaade55', '6a3a6e27-05a8-4314-8631-4cda51b09e35', 'b6178dfa-aa09-4e80-8d5a-4ef02a457528', 'Chair');
INSERT INTO interview_panel (id, panel_member_id, interview_id, role) VALUES ('202f4e16-d205-43bb-a792-6b884a4de79f', '807cd085-3a00-499b-8ed3-66c5db074041', 'ca45533d-cb5f-4c2b-8a59-ebffea89a5f0', 'Observer');
INSERT INTO interview_panel (id, panel_member_id, interview_id, role) VALUES ('93168c79-f18c-43ac-a7b2-a6a5a55fe9a1', '09b2db45-f73a-40bd-b1f8-bbcabd864ddc', 'ca45533d-cb5f-4c2b-8a59-ebffea89a5f0', 'Observer');
INSERT INTO interview_panel (id, panel_member_id, interview_id, role) VALUES ('717bc5b0-a4cf-4bdb-ada4-da79d25b3b62', '6a3a6e27-05a8-4314-8631-4cda51b09e35', '9941351f-5b85-416c-b650-5237a712cd25', 'Observer');
INSERT INTO interview_panel (id, panel_member_id, interview_id, role) VALUES ('632de91f-d2a5-4dd2-9931-0a03a595561f', '8c498c0c-a881-42d3-8c56-911b738bd528', '9941351f-5b85-416c-b650-5237a712cd25', 'Observer');
INSERT INTO interview_panel (id, panel_member_id, interview_id, role) VALUES ('a5273ee7-e723-4fb2-8b3a-270148766aad', '4bbe28a0-b4a4-4b37-a4eb-651afbeca127', 'f3dde7bc-114c-4e2d-93f4-648c8d09f3b8', 'Interviewer');
INSERT INTO interview_panel (id, panel_member_id, interview_id, role) VALUES ('964645c5-7c41-4255-94c6-76065d82c94a', '72e54aef-d0b8-489c-9bcc-4f7096b45d53', '1bde0ee4-bbb8-42ff-bdb3-4d560795c1cd', 'Interviewer');
INSERT INTO interview_panel (id, panel_member_id, interview_id, role) VALUES ('9f6c522b-257e-444c-8769-050009edaf76', '807cd085-3a00-499b-8ed3-66c5db074041', '1bde0ee4-bbb8-42ff-bdb3-4d560795c1cd', 'Interviewer');
INSERT INTO interview_panel (id, panel_member_id, interview_id, role) VALUES ('78a7e0d5-768f-446f-8763-dbf93f334e67', 'd34907b3-ede7-4fb2-9296-142d01f7755a', '1bde0ee4-bbb8-42ff-bdb3-4d560795c1cd', 'Observer');
INSERT INTO interview_panel (id, panel_member_id, interview_id, role) VALUES ('2ea8ff8b-b88e-43bc-890a-e0885d814116', '6a3a6e27-05a8-4314-8631-4cda51b09e35', 'bc2707eb-8bc2-48df-a3fb-d4c7d9cbc814', 'Observer');
INSERT INTO interview_panel (id, panel_member_id, interview_id, role) VALUES ('cd5fd092-4ef9-46f1-a982-89779c49c75a', '4d98a907-8167-4fae-a73b-cac743af7a46', 'bc2707eb-8bc2-48df-a3fb-d4c7d9cbc814', 'Interviewer');
INSERT INTO interview_panel (id, panel_member_id, interview_id, role) VALUES ('ad2b7643-c8dd-4e70-9691-4af51cbb13aa', 'd34907b3-ede7-4fb2-9296-142d01f7755a', '016e31f9-7030-412e-b413-ba41689c3cc9', 'Chair');
INSERT INTO interview_panel (id, panel_member_id, interview_id, role) VALUES ('b6b5d338-3a0b-44e4-9714-0447bd4cbd70', '72e54aef-d0b8-489c-9bcc-4f7096b45d53', '016e31f9-7030-412e-b413-ba41689c3cc9', 'Chair');
INSERT INTO interview_panel (id, panel_member_id, interview_id, role) VALUES ('71a99a6b-e256-462e-a867-c843d047087e', '6a3a6e27-05a8-4314-8631-4cda51b09e35', '016e31f9-7030-412e-b413-ba41689c3cc9', 'Interviewer');
INSERT INTO interview_panel (id, panel_member_id, interview_id, role) VALUES ('2a4590b7-ee70-4589-a3b5-8850a30b74a2', 'd34907b3-ede7-4fb2-9296-142d01f7755a', '800d3106-29dd-47ea-9e37-10973e989579', 'Chair');
INSERT INTO interview_panel (id, panel_member_id, interview_id, role) VALUES ('99699c0d-53b6-41ce-a7fc-3a4dbd8f3e5a', '8c498c0c-a881-42d3-8c56-911b738bd528', '800d3106-29dd-47ea-9e37-10973e989579', 'Chair');
INSERT INTO interview_panel (id, panel_member_id, interview_id, role) VALUES ('cf4d6ea0-bb88-4631-802d-6ec473e8d285', '6a3a6e27-05a8-4314-8631-4cda51b09e35', '800d3106-29dd-47ea-9e37-10973e989579', 'Observer');
INSERT INTO interview_panel (id, panel_member_id, interview_id, role) VALUES ('335c59f7-131c-41e2-bee0-87ae7979c9ee', '959fc0d0-42ad-4a2c-a463-8d68d232c276', 'a332d7fe-5818-4ea0-9586-6569cfb432b9', 'Interviewer');
INSERT INTO interview_panel (id, panel_member_id, interview_id, role) VALUES ('d705f1a8-aa49-439e-b1ad-661a581b92ad', 'a6b9e182-8efb-40c4-963d-923da24621a0', 'a332d7fe-5818-4ea0-9586-6569cfb432b9', 'Observer');
INSERT INTO interview_panel (id, panel_member_id, interview_id, role) VALUES ('6585498f-2cf8-456c-b709-646d149b2258', 'bf7071ea-b335-4e34-9610-cb5fa5f3d0ab', '80e14a91-0358-4105-bf35-8624a6e75589', 'Observer');
INSERT INTO interview_panel (id, panel_member_id, interview_id, role) VALUES ('a16e6c1c-1b9b-4955-b34e-24027cb0ccce', 'a9f34e18-a4c4-427f-951d-e72d792cc7aa', '68966105-b923-410c-84eb-e378e608bb5b', 'Chair');
INSERT INTO interview_panel (id, panel_member_id, interview_id, role) VALUES ('ad33ef68-cec7-46cd-9030-53d5055f78f5', 'a6b9e182-8efb-40c4-963d-923da24621a0', '68966105-b923-410c-84eb-e378e608bb5b', 'Chair');
INSERT INTO interview_panel (id, panel_member_id, interview_id, role) VALUES ('bc39bc27-ed1f-4692-92a8-392aaa0ba4da', '72e54aef-d0b8-489c-9bcc-4f7096b45d53', 'e772a6eb-d734-47ce-8ef7-3f51bfd5dea9', 'Observer');
INSERT INTO interview_panel (id, panel_member_id, interview_id, role) VALUES ('fdc16d1a-5b19-4db7-a22a-98adc6721282', 'a7e18085-413d-4e70-8766-012e924d0345', 'e772a6eb-d734-47ce-8ef7-3f51bfd5dea9', 'Chair');
INSERT INTO interview_panel (id, panel_member_id, interview_id, role) VALUES ('c7225d4c-fd30-42c6-bb78-af26b9bfa66c', 'c433a27d-19f4-47bb-8c9c-92e48f3a0ae6', 'e772a6eb-d734-47ce-8ef7-3f51bfd5dea9', 'Interviewer');
INSERT INTO interview_panel (id, panel_member_id, interview_id, role) VALUES ('382f1d3e-3bd4-4448-93b6-18df48a7ca2a', 'd34907b3-ede7-4fb2-9296-142d01f7755a', '4509f9c2-5e6e-4938-b167-6810e88d848f', 'Interviewer');
INSERT INTO interview_panel (id, panel_member_id, interview_id, role) VALUES ('ff05009a-1a0c-4177-86eb-9f7a05fcdf45', '50f9cbc1-6c76-41d1-ab19-82b8199428fe', '31739c54-431a-481b-9dc5-47a6ff07015d', 'Interviewer');
INSERT INTO interview_panel (id, panel_member_id, interview_id, role) VALUES ('e529bbde-7880-45c6-a492-633f01a36046', '72e54aef-d0b8-489c-9bcc-4f7096b45d53', '31739c54-431a-481b-9dc5-47a6ff07015d', 'Observer');
INSERT INTO interview_panel (id, panel_member_id, interview_id, role) VALUES ('38c9b915-1e55-4bf5-94b1-4cf1bb1ba810', '6a3a6e27-05a8-4314-8631-4cda51b09e35', '0e620fb5-6046-4139-b3d2-ed80a5b33f7e', 'Observer');
INSERT INTO interview_panel (id, panel_member_id, interview_id, role) VALUES ('39c36ac0-ba3c-436f-ba4a-f0a179d97159', '09b2db45-f73a-40bd-b1f8-bbcabd864ddc', '0e620fb5-6046-4139-b3d2-ed80a5b33f7e', 'Observer');
INSERT INTO interview_panel (id, panel_member_id, interview_id, role) VALUES ('d83967b8-69d2-4ee6-be0d-efae8ce0c589', 'c433a27d-19f4-47bb-8c9c-92e48f3a0ae6', '783ad186-57d6-4bb8-8723-06f4861048fe', 'Observer');
INSERT INTO interview_panel (id, panel_member_id, interview_id, role) VALUES ('684239a8-7785-44e4-a47d-c8296efe2ce7', '50f9cbc1-6c76-41d1-ab19-82b8199428fe', '783ad186-57d6-4bb8-8723-06f4861048fe', 'Observer');
INSERT INTO interview_panel (id, panel_member_id, interview_id, role) VALUES ('2bb2e0d4-53f9-42c1-b62a-9bbc493fd98a', '50f9cbc1-6c76-41d1-ab19-82b8199428fe', '43d52a09-41e3-4d63-a4cf-10f06b46f114', 'Interviewer');
INSERT INTO interview_panel (id, panel_member_id, interview_id, role) VALUES ('9dab4270-744a-4165-a3f0-00e9d6ebe854', '6a3a6e27-05a8-4314-8631-4cda51b09e35', '43d52a09-41e3-4d63-a4cf-10f06b46f114', 'Interviewer');
INSERT INTO interview_panel (id, panel_member_id, interview_id, role) VALUES ('b847e006-fb25-4c55-84bb-f6d637ce9656', '959fc0d0-42ad-4a2c-a463-8d68d232c276', '43d52a09-41e3-4d63-a4cf-10f06b46f114', 'Interviewer');
INSERT INTO interview_panel (id, panel_member_id, interview_id, role) VALUES ('bc677dab-82df-423c-ac8a-5317f59b9558', 'bf7071ea-b335-4e34-9610-cb5fa5f3d0ab', '4519582a-9c8b-488a-ac34-8afe59d4a3f8', 'Interviewer');
INSERT INTO interview_panel (id, panel_member_id, interview_id, role) VALUES ('5a3c65ef-dbf3-4bd4-b9fb-645d714a450b', 'a9f34e18-a4c4-427f-951d-e72d792cc7aa', '6ab4bd3f-97ed-44a2-8d77-d39d360c6bab', 'Chair');
INSERT INTO interview_panel (id, panel_member_id, interview_id, role) VALUES ('bd0a1eba-0fe6-400d-95c5-f8e10a950cc0', '6a3a6e27-05a8-4314-8631-4cda51b09e35', '6ab4bd3f-97ed-44a2-8d77-d39d360c6bab', 'Observer');
INSERT INTO interview_panel (id, panel_member_id, interview_id, role) VALUES ('134c7013-d681-4aac-8961-2721fdf9455d', '09b2db45-f73a-40bd-b1f8-bbcabd864ddc', '15155afa-2aa9-4b62-a2db-2b94fd89f534', 'Interviewer');
INSERT INTO interview_panel (id, panel_member_id, interview_id, role) VALUES ('5c10e9b0-f25b-4152-9c50-ebb75b2248f3', '4d98a907-8167-4fae-a73b-cac743af7a46', 'beb10d56-8426-4e2e-8d28-1929105e0acf', 'Observer');
INSERT INTO interview_panel (id, panel_member_id, interview_id, role) VALUES ('ff2f6188-fd1f-49cc-8204-4afd0191f2e0', 'bf7071ea-b335-4e34-9610-cb5fa5f3d0ab', 'beb10d56-8426-4e2e-8d28-1929105e0acf', 'Chair');
INSERT INTO interview_panel (id, panel_member_id, interview_id, role) VALUES ('7946e8cf-038b-4dd0-9c18-112f1c60b277', '09b2db45-f73a-40bd-b1f8-bbcabd864ddc', 'b5395ddf-65ae-4429-9127-3a92108e24de', 'Chair');
INSERT INTO interview_panel (id, panel_member_id, interview_id, role) VALUES ('479ee3ef-0604-46fa-8fe4-87a80dd28a6c', 'd34907b3-ede7-4fb2-9296-142d01f7755a', 'b5395ddf-65ae-4429-9127-3a92108e24de', 'Observer');
INSERT INTO interview_panel (id, panel_member_id, interview_id, role) VALUES ('496761cf-6ff2-4625-883a-f7ce1a4443f9', '72e54aef-d0b8-489c-9bcc-4f7096b45d53', 'c4f4d3d7-6e7d-4e43-ae06-38839e967474', 'Chair');
INSERT INTO interview_panel (id, panel_member_id, interview_id, role) VALUES ('93249b32-146d-4e27-82c2-4e8e3d124c6e', '8c498c0c-a881-42d3-8c56-911b738bd528', '3e45d22a-77bc-4a07-b470-411c1977120a', 'Observer');
INSERT INTO interview_panel (id, panel_member_id, interview_id, role) VALUES ('10b53d8a-0dd7-46f2-9b44-ca2dfed5f672', '6a3a6e27-05a8-4314-8631-4cda51b09e35', '3e45d22a-77bc-4a07-b470-411c1977120a', 'Observer');
INSERT INTO interview_panel (id, panel_member_id, interview_id, role) VALUES ('f61c2480-2569-4bf8-abab-a0fea9a9bbf4', 'd34907b3-ede7-4fb2-9296-142d01f7755a', '3e45d22a-77bc-4a07-b470-411c1977120a', 'Observer');
INSERT INTO interview_panel (id, panel_member_id, interview_id, role) VALUES ('4cb75e6d-c127-4048-80fe-51664f2557e5', 'd34907b3-ede7-4fb2-9296-142d01f7755a', 'a9c15925-7a91-4364-a069-c0b226d1a191', 'Chair');
INSERT INTO interview_panel (id, panel_member_id, interview_id, role) VALUES ('5fa84c42-b618-40f3-9e75-4709f2735700', '807cd085-3a00-499b-8ed3-66c5db074041', '0deffb9c-ff3c-4971-8a1f-5f8ca8f8bbc4', 'Chair');
INSERT INTO interview_panel (id, panel_member_id, interview_id, role) VALUES ('416aa72a-9551-4427-b7ea-2204634cd48f', 'a6b9e182-8efb-40c4-963d-923da24621a0', '0deffb9c-ff3c-4971-8a1f-5f8ca8f8bbc4', 'Interviewer');
INSERT INTO interview_panel (id, panel_member_id, interview_id, role) VALUES ('41dca898-2321-4621-84b2-d568e8ed50bb', 'd34907b3-ede7-4fb2-9296-142d01f7755a', '0deffb9c-ff3c-4971-8a1f-5f8ca8f8bbc4', 'Interviewer');
INSERT INTO interview_panel (id, panel_member_id, interview_id, role) VALUES ('4f69e825-7fb5-4b4b-a4f5-15e814193da6', '959fc0d0-42ad-4a2c-a463-8d68d232c276', 'bc036d3c-becf-426d-8800-078ac01b34bf', 'Observer');
INSERT INTO interview_panel (id, panel_member_id, interview_id, role) VALUES ('67598618-513f-4564-9db8-13a7a2824a59', '6a3a6e27-05a8-4314-8631-4cda51b09e35', 'bc036d3c-becf-426d-8800-078ac01b34bf', 'Chair');
INSERT INTO interview_panel (id, panel_member_id, interview_id, role) VALUES ('bd651d29-48f8-4a6b-982d-0f3109d4234f', '1f8a9b8f-1c3a-4753-93f7-7af4f80dd4c4', 'a62b854d-ccb7-40de-96ad-0e575d11e0d7', 'Interviewer');
INSERT INTO interview_panel (id, panel_member_id, interview_id, role) VALUES ('71a557db-f705-4f42-8526-67bb1764d8ed', 'a9f34e18-a4c4-427f-951d-e72d792cc7aa', 'dc9ccecf-2183-49d5-82d8-3aba500c6736', 'Observer');
INSERT INTO interview_panel (id, panel_member_id, interview_id, role) VALUES ('ae2a5c98-3912-45f7-a600-c22c1064f0fa', '1f8a9b8f-1c3a-4753-93f7-7af4f80dd4c4', 'dc9ccecf-2183-49d5-82d8-3aba500c6736', 'Chair');
INSERT INTO interview_panel (id, panel_member_id, interview_id, role) VALUES ('35a80d3e-f6d5-4163-ac21-1a8f53fda82e', 'd34907b3-ede7-4fb2-9296-142d01f7755a', 'dc9ccecf-2183-49d5-82d8-3aba500c6736', 'Observer');
INSERT INTO interview_panel (id, panel_member_id, interview_id, role) VALUES ('0dc19622-b66b-48cd-ac97-ec3f03f2f3e8', '09b2db45-f73a-40bd-b1f8-bbcabd864ddc', 'bd13d125-3b21-47d8-8433-33bc019d5264', 'Observer');
INSERT INTO interview_panel (id, panel_member_id, interview_id, role) VALUES ('d4f41049-7c24-416e-a1c3-2b098f2f7f61', '8c498c0c-a881-42d3-8c56-911b738bd528', 'bd13d125-3b21-47d8-8433-33bc019d5264', 'Observer');
INSERT INTO interview_panel (id, panel_member_id, interview_id, role) VALUES ('b390c9a9-0e11-48bb-828a-665808ed986d', '50f9cbc1-6c76-41d1-ab19-82b8199428fe', 'bd13d125-3b21-47d8-8433-33bc019d5264', 'Interviewer');
INSERT INTO interview_panel (id, panel_member_id, interview_id, role) VALUES ('e9ab7489-12e1-46e3-9c8c-ad88dbe217ba', '35a00db8-5de3-43b6-b728-71f905132f1d', '14aa57c9-e69a-4f6a-b333-084aa8b7dbb5', 'Observer');
INSERT INTO interview_panel (id, panel_member_id, interview_id, role) VALUES ('0c7d91b9-a88f-44f0-a1ea-b13efd80ae0b', '4bbe28a0-b4a4-4b37-a4eb-651afbeca127', 'e2e7314a-24e0-4cb9-9a86-0b067bc5bf02', 'Interviewer');
INSERT INTO interview_panel (id, panel_member_id, interview_id, role) VALUES ('812cd658-eaec-4529-8193-3662c205b5df', '1f8a9b8f-1c3a-4753-93f7-7af4f80dd4c4', '9f2997a4-384e-43f9-b4e0-83404644653c', 'Observer');
INSERT INTO interview_panel (id, panel_member_id, interview_id, role) VALUES ('ecb87424-fddf-42a1-8c76-176b8f2c94da', '34948c48-ce8e-40d2-bd3d-8daa44be3d4f', 'de7f15e7-e0d4-4777-8927-766e6f54acf3', 'Observer');
INSERT INTO interview_panel (id, panel_member_id, interview_id, role) VALUES ('5d14860c-554d-440b-9d41-7877c764426c', '4bbe28a0-b4a4-4b37-a4eb-651afbeca127', '33374868-5e07-4ff4-81c5-8a18385cfba0', 'Observer');
INSERT INTO interview_panel (id, panel_member_id, interview_id, role) VALUES ('33526f87-b0d7-4aa6-9c52-283ec18d0b04', 'bf7071ea-b335-4e34-9610-cb5fa5f3d0ab', '33374868-5e07-4ff4-81c5-8a18385cfba0', 'Chair');
INSERT INTO interview_panel (id, panel_member_id, interview_id, role) VALUES ('aeebfd96-c316-493f-9683-3fee01ebda36', 'c433a27d-19f4-47bb-8c9c-92e48f3a0ae6', '33374868-5e07-4ff4-81c5-8a18385cfba0', 'Chair');
INSERT INTO evaluation (id, evaluated_at, feedback, score, decision, panel_member_id, interview_id, candidate_id) VALUES ('10920ec2-18f5-4dcd-895d-2e5fa9232b51', '2023-05-17', 'Weak', 2.19, 'Proceed', 'a9f34e18-a4c4-427f-951d-e72d792cc7aa', 'b5d4c4de-c8f5-48bb-b0c7-a980b4c9be6d', '8a680d53-d057-4dc0-8ac2-3e942bc843cd');
INSERT INTO evaluation (id, evaluated_at, feedback, score, decision, panel_member_id, interview_id, candidate_id) VALUES ('e4e5814d-f6da-4075-99c3-0f8ba6fd147e', '2025-11-11', 'Strong fit', 1.63, 'Hold', '8c498c0c-a881-42d3-8c56-911b738bd528', 'c1e6a86b-aaab-4b96-9601-fa676fec656a', '6f857305-3e4b-4b4a-9b8c-0a3f1311b798');
INSERT INTO evaluation (id, evaluated_at, feedback, score, decision, panel_member_id, interview_id, candidate_id) VALUES ('57deede0-34b5-436f-b620-438c8744b6e8', '2024-09-18', 'Weak', 1.82, 'Reject', '34948c48-ce8e-40d2-bd3d-8daa44be3d4f', 'c1e6a86b-aaab-4b96-9601-fa676fec656a', '6f857305-3e4b-4b4a-9b8c-0a3f1311b798');
INSERT INTO evaluation (id, evaluated_at, feedback, score, decision, panel_member_id, interview_id, candidate_id) VALUES ('400f56e3-8e5b-46ad-aa29-871a8bb00df3', '2022-10-22', 'Average', 4.45, 'Hold', 'a6b9e182-8efb-40c4-963d-923da24621a0', 'c1e6a86b-aaab-4b96-9601-fa676fec656a', '6f857305-3e4b-4b4a-9b8c-0a3f1311b798');
INSERT INTO evaluation (id, evaluated_at, feedback, score, decision, panel_member_id, interview_id, candidate_id) VALUES ('8fc8d241-1d87-4e9e-ae03-789e4dc588c6', '2023-12-09', 'Weak', 1.52, 'Hold', '807cd085-3a00-499b-8ed3-66c5db074041', 'c498a944-fbad-4be4-99b4-e8295701a570', '1ee5d987-f405-4f79-971e-92620a5a6bd5');
INSERT INTO evaluation (id, evaluated_at, feedback, score, decision, panel_member_id, interview_id, candidate_id) VALUES ('adde1c33-7911-4491-9335-7746693e50c0', '2024-11-20', 'No show', 1.42, 'Proceed', '72e54aef-d0b8-489c-9bcc-4f7096b45d53', '6a979255-de7b-4a8e-af03-19d804fa55cf', '10deb03f-e941-427d-8f68-2d349e710a19');
INSERT INTO evaluation (id, evaluated_at, feedback, score, decision, panel_member_id, interview_id, candidate_id) VALUES ('6feb209c-8f1a-4832-9df7-841de446a5e5', '2024-08-13', 'Strong fit', 2.07, 'Proceed', '09b2db45-f73a-40bd-b1f8-bbcabd864ddc', '6a979255-de7b-4a8e-af03-19d804fa55cf', '10deb03f-e941-427d-8f68-2d349e710a19');
INSERT INTO evaluation (id, evaluated_at, feedback, score, decision, panel_member_id, interview_id, candidate_id) VALUES ('229a5e0a-37cc-4118-8f7e-788dfc2db47e', '2022-10-16', 'Strong fit', 1.2, 'Hold', 'a9f34e18-a4c4-427f-951d-e72d792cc7aa', 'e2a5455b-a67d-4edb-841f-690f0f5f1a67', 'b5ab92e7-e057-4578-86a3-7f7d43abb4ae');
INSERT INTO evaluation (id, evaluated_at, feedback, score, decision, panel_member_id, interview_id, candidate_id) VALUES ('52b8d78d-220f-4bef-b36b-8a619c47a94c', '2025-06-14', 'Weak', 1.99, 'Proceed', '4bbe28a0-b4a4-4b37-a4eb-651afbeca127', 'e2a5455b-a67d-4edb-841f-690f0f5f1a67', 'b5ab92e7-e057-4578-86a3-7f7d43abb4ae');
INSERT INTO evaluation (id, evaluated_at, feedback, score, decision, panel_member_id, interview_id, candidate_id) VALUES ('6a1a138a-d80a-4d7e-9279-193dc5736718', '2023-11-02', 'No show', 3.88, 'Proceed', '959fc0d0-42ad-4a2c-a463-8d68d232c276', 'e2a5455b-a67d-4edb-841f-690f0f5f1a67', 'b5ab92e7-e057-4578-86a3-7f7d43abb4ae');
INSERT INTO evaluation (id, evaluated_at, feedback, score, decision, panel_member_id, interview_id, candidate_id) VALUES ('96fd620e-836a-4f4e-9cc8-f9917cf389d1', '2022-11-23', 'Weak', 4.98, 'Hold', '4bbe28a0-b4a4-4b37-a4eb-651afbeca127', 'd9e03bfd-48d8-4ff9-a094-436fbf9142c2', 'e1d80291-d05d-4bf3-a084-a238b7c5bd9f');
INSERT INTO evaluation (id, evaluated_at, feedback, score, decision, panel_member_id, interview_id, candidate_id) VALUES ('71271fcd-8ec1-499d-9bc9-89bfb335ca05', '2024-10-18', 'Average', 2.99, 'Proceed', '6a3a6e27-05a8-4314-8631-4cda51b09e35', 'd9e03bfd-48d8-4ff9-a094-436fbf9142c2', 'e1d80291-d05d-4bf3-a084-a238b7c5bd9f');
INSERT INTO evaluation (id, evaluated_at, feedback, score, decision, panel_member_id, interview_id, candidate_id) VALUES ('50fc3788-b764-4084-994e-6483dfb709a5', '2024-03-16', 'No show', 2.83, 'Proceed', '50f9cbc1-6c76-41d1-ab19-82b8199428fe', '3c93c766-e3a6-4995-b7e1-1be30f7a2f16', 'b5ab92e7-e057-4578-86a3-7f7d43abb4ae');
INSERT INTO evaluation (id, evaluated_at, feedback, score, decision, panel_member_id, interview_id, candidate_id) VALUES ('8ba7d395-2f06-43dc-bbed-ae29e9146c55', '2023-03-17', 'No show', 2.41, 'Proceed', '09b2db45-f73a-40bd-b1f8-bbcabd864ddc', '3c93c766-e3a6-4995-b7e1-1be30f7a2f16', 'b5ab92e7-e057-4578-86a3-7f7d43abb4ae');
INSERT INTO evaluation (id, evaluated_at, feedback, score, decision, panel_member_id, interview_id, candidate_id) VALUES ('0d50f410-1d62-4298-af57-bdd747922339', '2023-07-31', 'Weak', 3.39, 'Reject', '8c498c0c-a881-42d3-8c56-911b738bd528', 'bced34b6-2d9b-4d32-ade9-83fa29dab251', 'b64b8b16-e06d-40a2-946e-0f5ccfb2ae9e');
INSERT INTO evaluation (id, evaluated_at, feedback, score, decision, panel_member_id, interview_id, candidate_id) VALUES ('464dbcaf-bbc9-4ec6-8e1b-33334e3f5e86', '2025-10-09', 'Weak', 2.14, 'Proceed', '8c498c0c-a881-42d3-8c56-911b738bd528', '2d4f8459-8e96-488e-aa46-12e36b8cb1a1', '641fbbf8-fd81-4da9-a1dc-c7dda72fae8b');
INSERT INTO evaluation (id, evaluated_at, feedback, score, decision, panel_member_id, interview_id, candidate_id) VALUES ('b6db94bd-999b-437d-8e9c-f6f781b89413', '2022-08-09', 'Weak', 1.54, 'Hold', '4bbe28a0-b4a4-4b37-a4eb-651afbeca127', '2d4f8459-8e96-488e-aa46-12e36b8cb1a1', '641fbbf8-fd81-4da9-a1dc-c7dda72fae8b');
INSERT INTO evaluation (id, evaluated_at, feedback, score, decision, panel_member_id, interview_id, candidate_id) VALUES ('65b549e3-6c8e-4593-b86e-08cd545f1cf7', '2024-01-20', 'Weak', 2.46, 'Hold', '4d98a907-8167-4fae-a73b-cac743af7a46', '2d4f8459-8e96-488e-aa46-12e36b8cb1a1', '641fbbf8-fd81-4da9-a1dc-c7dda72fae8b');
INSERT INTO evaluation (id, evaluated_at, feedback, score, decision, panel_member_id, interview_id, candidate_id) VALUES ('ce7ceb0d-8aba-4e2b-915e-88ebf0cf04a3', '2022-04-15', 'No show', 3.25, 'Hold', '6a3a6e27-05a8-4314-8631-4cda51b09e35', '9c9466a0-1fef-404c-aab2-8cdeb06c9bb3', '98818bb0-1db9-4993-984c-c13ff009a8f2');
INSERT INTO evaluation (id, evaluated_at, feedback, score, decision, panel_member_id, interview_id, candidate_id) VALUES ('e2a4c9ae-2127-458d-afdf-304a4e1d49a0', '2025-02-07', 'Average', 1.29, 'Reject', '1f8a9b8f-1c3a-4753-93f7-7af4f80dd4c4', '9c9466a0-1fef-404c-aab2-8cdeb06c9bb3', '98818bb0-1db9-4993-984c-c13ff009a8f2');
INSERT INTO evaluation (id, evaluated_at, feedback, score, decision, panel_member_id, interview_id, candidate_id) VALUES ('850ba41e-0957-4e0e-ad58-fa8e57bd25bc', '2024-07-11', 'No show', 2.12, 'Reject', '09b2db45-f73a-40bd-b1f8-bbcabd864ddc', '344699a2-5cd5-4c60-a9ba-218c066412d9', '1ee5d987-f405-4f79-971e-92620a5a6bd5');
INSERT INTO evaluation (id, evaluated_at, feedback, score, decision, panel_member_id, interview_id, candidate_id) VALUES ('c47f87d7-adfb-4075-a9df-f21d29ec840d', '2025-10-25', 'No show', 1.48, 'Proceed', '6a3a6e27-05a8-4314-8631-4cda51b09e35', '344699a2-5cd5-4c60-a9ba-218c066412d9', '1ee5d987-f405-4f79-971e-92620a5a6bd5');
INSERT INTO evaluation (id, evaluated_at, feedback, score, decision, panel_member_id, interview_id, candidate_id) VALUES ('70a3f09b-3d1d-443f-8bec-77b92c17a341', '2024-03-17', 'Average', 4.18, 'Hold', 'a6b9e182-8efb-40c4-963d-923da24621a0', 'c066bda3-2a14-4a78-a924-475ba00e8a4e', '7eb83b44-75fa-4844-b183-32ce087fda59');
INSERT INTO evaluation (id, evaluated_at, feedback, score, decision, panel_member_id, interview_id, candidate_id) VALUES ('b5a3a056-887f-4327-ae6d-b15e58aae669', '2025-02-16', 'Average', 4.02, 'Proceed', '35a00db8-5de3-43b6-b728-71f905132f1d', 'c066bda3-2a14-4a78-a924-475ba00e8a4e', '7eb83b44-75fa-4844-b183-32ce087fda59');
INSERT INTO evaluation (id, evaluated_at, feedback, score, decision, panel_member_id, interview_id, candidate_id) VALUES ('ea921940-2da9-4f4a-a2ab-04457b16fc91', '2025-05-18', 'No show', 2.61, 'Proceed', 'd34907b3-ede7-4fb2-9296-142d01f7755a', 'c066bda3-2a14-4a78-a924-475ba00e8a4e', '7eb83b44-75fa-4844-b183-32ce087fda59');
INSERT INTO evaluation (id, evaluated_at, feedback, score, decision, panel_member_id, interview_id, candidate_id) VALUES ('c21b88c1-f56d-4774-bdbf-87c121f2db8a', '2022-04-03', 'Strong fit', 1.55, 'Hold', '50f9cbc1-6c76-41d1-ab19-82b8199428fe', 'b7c67b2e-01a3-45ff-8517-38de145ea296', 'c4f9e90b-93d9-4f95-88dd-e3c25dbeeeba');
INSERT INTO evaluation (id, evaluated_at, feedback, score, decision, panel_member_id, interview_id, candidate_id) VALUES ('cbc0b540-e0bd-4c16-bdd4-f55670ce40df', '2024-08-28', 'No show', 2.83, 'Reject', '72e54aef-d0b8-489c-9bcc-4f7096b45d53', 'b7c67b2e-01a3-45ff-8517-38de145ea296', 'c4f9e90b-93d9-4f95-88dd-e3c25dbeeeba');
INSERT INTO evaluation (id, evaluated_at, feedback, score, decision, panel_member_id, interview_id, candidate_id) VALUES ('72ec61c9-ea16-48fc-9f37-80f78ad1bcec', '2024-11-21', 'Good', 2.31, 'Reject', '50f9cbc1-6c76-41d1-ab19-82b8199428fe', '0e418701-57b3-4a20-b40e-f21118bcf9dd', 'b64b8b16-e06d-40a2-946e-0f5ccfb2ae9e');
INSERT INTO evaluation (id, evaluated_at, feedback, score, decision, panel_member_id, interview_id, candidate_id) VALUES ('1754e3de-42d8-429f-942b-b175ca8d09a9', '2023-10-15', 'Good', 2.57, 'Reject', 'd34907b3-ede7-4fb2-9296-142d01f7755a', '0e418701-57b3-4a20-b40e-f21118bcf9dd', 'b64b8b16-e06d-40a2-946e-0f5ccfb2ae9e');
INSERT INTO evaluation (id, evaluated_at, feedback, score, decision, panel_member_id, interview_id, candidate_id) VALUES ('93dc2872-5dd6-43bc-afa0-2ac5b134f193', '2023-09-05', 'No show', 2.35, 'Reject', '09b2db45-f73a-40bd-b1f8-bbcabd864ddc', '0e418701-57b3-4a20-b40e-f21118bcf9dd', 'b64b8b16-e06d-40a2-946e-0f5ccfb2ae9e');
INSERT INTO evaluation (id, evaluated_at, feedback, score, decision, panel_member_id, interview_id, candidate_id) VALUES ('ae91a593-1ad0-4e0f-8607-6fb465353a5a', '2024-12-26', 'Weak', 3.83, 'Hold', 'a7e18085-413d-4e70-8766-012e924d0345', 'f8a8eb5d-5e93-42a6-8f57-7926a5571795', 'b5ab92e7-e057-4578-86a3-7f7d43abb4ae');
INSERT INTO evaluation (id, evaluated_at, feedback, score, decision, panel_member_id, interview_id, candidate_id) VALUES ('25e5610b-ed68-41bf-b560-11ffb11f7dde', '2024-08-30', 'Strong fit', 2.47, 'Reject', '807cd085-3a00-499b-8ed3-66c5db074041', 'f8a8eb5d-5e93-42a6-8f57-7926a5571795', 'b5ab92e7-e057-4578-86a3-7f7d43abb4ae');
INSERT INTO evaluation (id, evaluated_at, feedback, score, decision, panel_member_id, interview_id, candidate_id) VALUES ('79a3b6e0-1514-4118-9601-b37cec39e7f0', '2022-08-13', 'Weak', 3.33, 'Reject', 'c433a27d-19f4-47bb-8c9c-92e48f3a0ae6', 'ecd648e1-43c2-4daa-ac67-776003e19e86', 'd5345435-728a-4664-af39-c9e4a2b936c7');
INSERT INTO evaluation (id, evaluated_at, feedback, score, decision, panel_member_id, interview_id, candidate_id) VALUES ('f4166c11-bd6d-49c8-9b6d-dbc1cd84d285', '2025-11-10', 'Strong fit', 3.39, 'Hold', '8c498c0c-a881-42d3-8c56-911b738bd528', 'ecd648e1-43c2-4daa-ac67-776003e19e86', 'd5345435-728a-4664-af39-c9e4a2b936c7');
INSERT INTO evaluation (id, evaluated_at, feedback, score, decision, panel_member_id, interview_id, candidate_id) VALUES ('7c737324-af45-4219-83ae-1bc98c5a138b', '2025-09-04', 'No show', 3.31, 'Reject', '1f8a9b8f-1c3a-4753-93f7-7af4f80dd4c4', 'c286fe3b-2602-444c-aefc-ec4f7b43b778', 'e1d80291-d05d-4bf3-a084-a238b7c5bd9f');
INSERT INTO evaluation (id, evaluated_at, feedback, score, decision, panel_member_id, interview_id, candidate_id) VALUES ('0f2452b6-71e7-4738-9124-9a7f65686d53', '2022-04-16', 'No show', 2.92, 'Reject', '807cd085-3a00-499b-8ed3-66c5db074041', 'c286fe3b-2602-444c-aefc-ec4f7b43b778', 'e1d80291-d05d-4bf3-a084-a238b7c5bd9f');
INSERT INTO evaluation (id, evaluated_at, feedback, score, decision, panel_member_id, interview_id, candidate_id) VALUES ('80687ddb-1809-46f2-86fe-2e8f880ad933', '2025-07-12', 'No show', 4.1, 'Hold', '6a3a6e27-05a8-4314-8631-4cda51b09e35', '44b5a1fd-f8b6-4539-81d6-b5eb0a275a80', '75a24a0b-ac9c-47b5-8430-c14bee370592');
INSERT INTO evaluation (id, evaluated_at, feedback, score, decision, panel_member_id, interview_id, candidate_id) VALUES ('f389b80c-360c-44bf-98f7-23702bd8e4ac', '2022-10-30', 'Good', 1.13, 'Reject', '807cd085-3a00-499b-8ed3-66c5db074041', '44b5a1fd-f8b6-4539-81d6-b5eb0a275a80', '75a24a0b-ac9c-47b5-8430-c14bee370592');
INSERT INTO evaluation (id, evaluated_at, feedback, score, decision, panel_member_id, interview_id, candidate_id) VALUES ('857c7b36-9953-4f20-aa88-107d1b1ce605', '2022-08-14', 'Good', 1.08, 'Hold', 'a6b9e182-8efb-40c4-963d-923da24621a0', '8cc30982-38cf-4346-b719-a83b2f303ea2', 'd5345435-728a-4664-af39-c9e4a2b936c7');
INSERT INTO evaluation (id, evaluated_at, feedback, score, decision, panel_member_id, interview_id, candidate_id) VALUES ('9ba52557-d43b-4d67-976c-da58e64ed3ec', '2024-05-07', 'Good', 2.65, 'Proceed', '6a3a6e27-05a8-4314-8631-4cda51b09e35', '8cc30982-38cf-4346-b719-a83b2f303ea2', 'd5345435-728a-4664-af39-c9e4a2b936c7');
INSERT INTO evaluation (id, evaluated_at, feedback, score, decision, panel_member_id, interview_id, candidate_id) VALUES ('4695ff18-dcb4-4ece-ac27-13aba30a2387', '2024-04-20', 'No show', 4.1, 'Hold', '72e54aef-d0b8-489c-9bcc-4f7096b45d53', '7ac54f09-0744-4766-9685-dd25b58e95c7', '98818bb0-1db9-4993-984c-c13ff009a8f2');
INSERT INTO evaluation (id, evaluated_at, feedback, score, decision, panel_member_id, interview_id, candidate_id) VALUES ('5bfd154b-6acf-406f-9fb6-cdfb538a2a81', '2022-05-08', 'Good', 3.07, 'Reject', '4d98a907-8167-4fae-a73b-cac743af7a46', '7ac54f09-0744-4766-9685-dd25b58e95c7', '98818bb0-1db9-4993-984c-c13ff009a8f2');
INSERT INTO evaluation (id, evaluated_at, feedback, score, decision, panel_member_id, interview_id, candidate_id) VALUES ('330cac44-91bf-4f35-a43d-c7fe360dcd01', '2023-10-28', 'Weak', 3.1, 'Hold', '35a00db8-5de3-43b6-b728-71f905132f1d', '7ac54f09-0744-4766-9685-dd25b58e95c7', '98818bb0-1db9-4993-984c-c13ff009a8f2');
INSERT INTO evaluation (id, evaluated_at, feedback, score, decision, panel_member_id, interview_id, candidate_id) VALUES ('9e58e427-89ab-45fe-860a-b9c5087b026b', '2022-12-21', 'Weak', 4.65, 'Hold', '6a3a6e27-05a8-4314-8631-4cda51b09e35', 'cc318050-82ed-4d38-b1e3-a060012aa893', 'e728170b-8a58-4880-9cb1-eddceb4197be');
INSERT INTO evaluation (id, evaluated_at, feedback, score, decision, panel_member_id, interview_id, candidate_id) VALUES ('3f896c13-5905-406a-a3dc-3661bb41466d', '2025-01-23', 'Average', 3.7, 'Reject', '8c498c0c-a881-42d3-8c56-911b738bd528', 'cc318050-82ed-4d38-b1e3-a060012aa893', 'e728170b-8a58-4880-9cb1-eddceb4197be');
INSERT INTO evaluation (id, evaluated_at, feedback, score, decision, panel_member_id, interview_id, candidate_id) VALUES ('a66d2088-c0cf-4227-a4ee-5cfeeee74ae8', '2025-10-26', 'Average', 3.44, 'Proceed', '34948c48-ce8e-40d2-bd3d-8daa44be3d4f', '789a349b-2def-4189-bbb1-83cde9a3a594', '10deb03f-e941-427d-8f68-2d349e710a19');
INSERT INTO evaluation (id, evaluated_at, feedback, score, decision, panel_member_id, interview_id, candidate_id) VALUES ('16df8113-8072-4a5c-9205-1f403d6179e7', '2023-05-20', 'Average', 3.23, 'Proceed', '09b2db45-f73a-40bd-b1f8-bbcabd864ddc', '789a349b-2def-4189-bbb1-83cde9a3a594', '10deb03f-e941-427d-8f68-2d349e710a19');
INSERT INTO evaluation (id, evaluated_at, feedback, score, decision, panel_member_id, interview_id, candidate_id) VALUES ('b08e5aa4-fffb-41d1-9764-7ebe4c820bd0', '2023-09-02', 'Average', 3.82, 'Reject', 'a9f34e18-a4c4-427f-951d-e72d792cc7aa', '789a349b-2def-4189-bbb1-83cde9a3a594', '10deb03f-e941-427d-8f68-2d349e710a19');
INSERT INTO evaluation (id, evaluated_at, feedback, score, decision, panel_member_id, interview_id, candidate_id) VALUES ('5b960701-f74b-4703-9c82-ae9d48f4e0c6', '2025-12-14', 'Weak', 2.27, 'Hold', '35a00db8-5de3-43b6-b728-71f905132f1d', '8744464d-cf08-4a1b-a5ce-b69ff42e25ec', '61b8a89b-4712-41ae-a195-a0bf3119aaf3');
INSERT INTO evaluation (id, evaluated_at, feedback, score, decision, panel_member_id, interview_id, candidate_id) VALUES ('0bcbdbe2-e58d-4997-8501-10791a6b4b2a', '2025-02-21', 'Average', 2.15, 'Reject', 'a6b9e182-8efb-40c4-963d-923da24621a0', '8744464d-cf08-4a1b-a5ce-b69ff42e25ec', '61b8a89b-4712-41ae-a195-a0bf3119aaf3');
INSERT INTO evaluation (id, evaluated_at, feedback, score, decision, panel_member_id, interview_id, candidate_id) VALUES ('351d7098-ab1c-4e4c-aa9e-1ac0161b7ef2', '2025-10-17', 'No show', 2.52, 'Hold', 'c433a27d-19f4-47bb-8c9c-92e48f3a0ae6', '47f630ac-7195-40d8-b15d-f38ddf6674f6', 'bc40ea47-62d8-4b2b-8e8d-dac5a5d0ec5f');
INSERT INTO evaluation (id, evaluated_at, feedback, score, decision, panel_member_id, interview_id, candidate_id) VALUES ('81aad1bd-5731-4a14-9609-e8102b470d3f', '2023-12-08', 'Good', 2.16, 'Hold', 'a9f34e18-a4c4-427f-951d-e72d792cc7aa', '47f630ac-7195-40d8-b15d-f38ddf6674f6', 'bc40ea47-62d8-4b2b-8e8d-dac5a5d0ec5f');
INSERT INTO evaluation (id, evaluated_at, feedback, score, decision, panel_member_id, interview_id, candidate_id) VALUES ('139fc3d9-1d42-45b8-8113-3d5378b10108', '2022-06-11', 'Average', 4.7, 'Reject', '72e54aef-d0b8-489c-9bcc-4f7096b45d53', '47f630ac-7195-40d8-b15d-f38ddf6674f6', 'bc40ea47-62d8-4b2b-8e8d-dac5a5d0ec5f');
INSERT INTO evaluation (id, evaluated_at, feedback, score, decision, panel_member_id, interview_id, candidate_id) VALUES ('f9c261b3-8bdb-43b9-a21d-78d5b453d35d', '2023-06-10', 'Weak', 1.86, 'Reject', '72e54aef-d0b8-489c-9bcc-4f7096b45d53', 'c0b132e6-6018-43b5-924c-6e168903a166', '10deb03f-e941-427d-8f68-2d349e710a19');
INSERT INTO evaluation (id, evaluated_at, feedback, score, decision, panel_member_id, interview_id, candidate_id) VALUES ('41dbcbb6-71d6-45d7-b049-6b34a90f50e5', '2023-07-10', 'No show', 3.78, 'Proceed', '807cd085-3a00-499b-8ed3-66c5db074041', 'b6178dfa-aa09-4e80-8d5a-4ef02a457528', '3ca3c910-0949-47d8-86ea-a3a472726c59');
INSERT INTO evaluation (id, evaluated_at, feedback, score, decision, panel_member_id, interview_id, candidate_id) VALUES ('b7020875-d170-45b6-9252-a26eee183d1c', '2022-08-12', 'No show', 3.96, 'Proceed', '6a3a6e27-05a8-4314-8631-4cda51b09e35', 'b6178dfa-aa09-4e80-8d5a-4ef02a457528', '3ca3c910-0949-47d8-86ea-a3a472726c59');
INSERT INTO evaluation (id, evaluated_at, feedback, score, decision, panel_member_id, interview_id, candidate_id) VALUES ('fcd83c6c-382f-464f-bd82-0557152f2abf', '2023-05-12', 'Strong fit', 3.68, 'Reject', '807cd085-3a00-499b-8ed3-66c5db074041', 'ca45533d-cb5f-4c2b-8a59-ebffea89a5f0', 'dd71ab7f-280b-4a7a-ac3e-0adfb7642ef0');
INSERT INTO evaluation (id, evaluated_at, feedback, score, decision, panel_member_id, interview_id, candidate_id) VALUES ('8ee66986-d337-4f6b-a996-ae89f58b2730', '2023-04-08', 'Good', 1.21, 'Hold', '09b2db45-f73a-40bd-b1f8-bbcabd864ddc', 'ca45533d-cb5f-4c2b-8a59-ebffea89a5f0', 'dd71ab7f-280b-4a7a-ac3e-0adfb7642ef0');
INSERT INTO evaluation (id, evaluated_at, feedback, score, decision, panel_member_id, interview_id, candidate_id) VALUES ('8c8085b2-a776-4308-8193-4368b692ea0e', '2023-11-08', 'Weak', 1.4, 'Proceed', '6a3a6e27-05a8-4314-8631-4cda51b09e35', '9941351f-5b85-416c-b650-5237a712cd25', '6aea2777-500a-4e11-94b5-bdc1e9368d26');
INSERT INTO evaluation (id, evaluated_at, feedback, score, decision, panel_member_id, interview_id, candidate_id) VALUES ('9b39f38d-def4-49ba-8091-6f73c377ae35', '2022-01-11', 'No show', 4.91, 'Proceed', '8c498c0c-a881-42d3-8c56-911b738bd528', '9941351f-5b85-416c-b650-5237a712cd25', '6aea2777-500a-4e11-94b5-bdc1e9368d26');
INSERT INTO evaluation (id, evaluated_at, feedback, score, decision, panel_member_id, interview_id, candidate_id) VALUES ('58bc6079-7a12-4ccc-a4c3-39c058213d40', '2024-04-13', 'Weak', 2.91, 'Proceed', '4bbe28a0-b4a4-4b37-a4eb-651afbeca127', 'f3dde7bc-114c-4e2d-93f4-648c8d09f3b8', '331b7c19-1c0a-4a9e-8d72-29761b00d51d');
INSERT INTO evaluation (id, evaluated_at, feedback, score, decision, panel_member_id, interview_id, candidate_id) VALUES ('1ba7cda5-ee52-4836-a721-dbfbb960b020', '2023-08-12', 'Average', 2.14, 'Proceed', '72e54aef-d0b8-489c-9bcc-4f7096b45d53', '1bde0ee4-bbb8-42ff-bdb3-4d560795c1cd', 'c4f9e90b-93d9-4f95-88dd-e3c25dbeeeba');
INSERT INTO evaluation (id, evaluated_at, feedback, score, decision, panel_member_id, interview_id, candidate_id) VALUES ('f5837382-fb11-4497-895e-4f5d1753ed9b', '2022-07-03', 'No show', 1.93, 'Reject', '807cd085-3a00-499b-8ed3-66c5db074041', '1bde0ee4-bbb8-42ff-bdb3-4d560795c1cd', 'c4f9e90b-93d9-4f95-88dd-e3c25dbeeeba');
INSERT INTO evaluation (id, evaluated_at, feedback, score, decision, panel_member_id, interview_id, candidate_id) VALUES ('20784050-3c6f-4d58-a7cc-f147b0f70f73', '2022-03-18', 'Good', 2.67, 'Proceed', 'd34907b3-ede7-4fb2-9296-142d01f7755a', '1bde0ee4-bbb8-42ff-bdb3-4d560795c1cd', 'c4f9e90b-93d9-4f95-88dd-e3c25dbeeeba');
INSERT INTO evaluation (id, evaluated_at, feedback, score, decision, panel_member_id, interview_id, candidate_id) VALUES ('2eeacd4a-c0c7-40f7-9162-cd23693c7d22', '2022-03-16', 'Weak', 4.15, 'Proceed', '6a3a6e27-05a8-4314-8631-4cda51b09e35', 'bc2707eb-8bc2-48df-a3fb-d4c7d9cbc814', 'ef14bbdc-5693-40d4-975e-3ae84a0d2568');
INSERT INTO evaluation (id, evaluated_at, feedback, score, decision, panel_member_id, interview_id, candidate_id) VALUES ('eae9eb5e-b571-4a88-b5c2-1cb509f77472', '2023-08-16', 'Strong fit', 1.04, 'Reject', '4d98a907-8167-4fae-a73b-cac743af7a46', 'bc2707eb-8bc2-48df-a3fb-d4c7d9cbc814', 'ef14bbdc-5693-40d4-975e-3ae84a0d2568');
INSERT INTO evaluation (id, evaluated_at, feedback, score, decision, panel_member_id, interview_id, candidate_id) VALUES ('c051b003-4cbb-475d-9eca-df3fdb52adf4', '2025-05-19', 'Strong fit', 4.71, 'Hold', 'd34907b3-ede7-4fb2-9296-142d01f7755a', '016e31f9-7030-412e-b413-ba41689c3cc9', '1d0f487f-b68f-478e-9ebb-82d15002c1d0');
INSERT INTO evaluation (id, evaluated_at, feedback, score, decision, panel_member_id, interview_id, candidate_id) VALUES ('b452af55-379c-495f-989e-251eee232d02', '2023-08-06', 'Weak', 4.96, 'Reject', '72e54aef-d0b8-489c-9bcc-4f7096b45d53', '016e31f9-7030-412e-b413-ba41689c3cc9', '1d0f487f-b68f-478e-9ebb-82d15002c1d0');
INSERT INTO evaluation (id, evaluated_at, feedback, score, decision, panel_member_id, interview_id, candidate_id) VALUES ('880f004a-4be3-4ed3-af8c-1d8ec989d172', '2024-12-09', 'Weak', 4.56, 'Proceed', '6a3a6e27-05a8-4314-8631-4cda51b09e35', '016e31f9-7030-412e-b413-ba41689c3cc9', '1d0f487f-b68f-478e-9ebb-82d15002c1d0');
INSERT INTO evaluation (id, evaluated_at, feedback, score, decision, panel_member_id, interview_id, candidate_id) VALUES ('7609d3f8-b1e0-4656-9532-26fa420e8735', '2024-10-29', 'Weak', 2.09, 'Proceed', 'd34907b3-ede7-4fb2-9296-142d01f7755a', '800d3106-29dd-47ea-9e37-10973e989579', 'e728170b-8a58-4880-9cb1-eddceb4197be');
INSERT INTO evaluation (id, evaluated_at, feedback, score, decision, panel_member_id, interview_id, candidate_id) VALUES ('7c06fcde-4473-4a74-ae0e-73570d78086a', '2023-11-09', 'Good', 3.92, 'Reject', '8c498c0c-a881-42d3-8c56-911b738bd528', '800d3106-29dd-47ea-9e37-10973e989579', 'e728170b-8a58-4880-9cb1-eddceb4197be');
INSERT INTO evaluation (id, evaluated_at, feedback, score, decision, panel_member_id, interview_id, candidate_id) VALUES ('1873dd75-cb30-4314-b259-07db8a900e55', '2023-06-11', 'Good', 1.06, 'Hold', '6a3a6e27-05a8-4314-8631-4cda51b09e35', '800d3106-29dd-47ea-9e37-10973e989579', 'e728170b-8a58-4880-9cb1-eddceb4197be');
INSERT INTO evaluation (id, evaluated_at, feedback, score, decision, panel_member_id, interview_id, candidate_id) VALUES ('f50f28bb-4e9e-4c94-9220-e60466e26545', '2023-08-28', 'No show', 3.7, 'Proceed', '959fc0d0-42ad-4a2c-a463-8d68d232c276', 'a332d7fe-5818-4ea0-9586-6569cfb432b9', 'b6c62436-5370-41fe-88f4-5a1d1ee646e5');
INSERT INTO evaluation (id, evaluated_at, feedback, score, decision, panel_member_id, interview_id, candidate_id) VALUES ('c7f1a184-ee7f-4f44-b6aa-df4333e363e1', '2022-12-26', 'No show', 4.42, 'Hold', 'a6b9e182-8efb-40c4-963d-923da24621a0', 'a332d7fe-5818-4ea0-9586-6569cfb432b9', 'b6c62436-5370-41fe-88f4-5a1d1ee646e5');
INSERT INTO evaluation (id, evaluated_at, feedback, score, decision, panel_member_id, interview_id, candidate_id) VALUES ('4f29f49e-93c4-4b73-9da2-30f47f4ff4c2', '2024-05-25', 'No show', 2.31, 'Hold', 'bf7071ea-b335-4e34-9610-cb5fa5f3d0ab', '80e14a91-0358-4105-bf35-8624a6e75589', 'b749a80d-eafe-47f8-9b3f-7a31852ba148');
INSERT INTO evaluation (id, evaluated_at, feedback, score, decision, panel_member_id, interview_id, candidate_id) VALUES ('0692262f-e360-411f-be2e-a8960d820125', '2025-10-02', 'Strong fit', 1.74, 'Proceed', 'a9f34e18-a4c4-427f-951d-e72d792cc7aa', '68966105-b923-410c-84eb-e378e608bb5b', 'd53814e1-3122-4730-9d7b-973a302e5376');
INSERT INTO evaluation (id, evaluated_at, feedback, score, decision, panel_member_id, interview_id, candidate_id) VALUES ('f3b7ad7c-da45-4f02-a307-7c584ed1def5', '2024-09-04', 'Average', 4.74, 'Proceed', 'a6b9e182-8efb-40c4-963d-923da24621a0', '68966105-b923-410c-84eb-e378e608bb5b', 'd53814e1-3122-4730-9d7b-973a302e5376');
INSERT INTO evaluation (id, evaluated_at, feedback, score, decision, panel_member_id, interview_id, candidate_id) VALUES ('c787537d-4096-4c9b-8284-c2e60834f332', '2023-06-19', 'Weak', 1.94, 'Hold', '72e54aef-d0b8-489c-9bcc-4f7096b45d53', 'e772a6eb-d734-47ce-8ef7-3f51bfd5dea9', '25f5af5e-c903-43bf-944c-908d32ed8a14');
INSERT INTO evaluation (id, evaluated_at, feedback, score, decision, panel_member_id, interview_id, candidate_id) VALUES ('9230b294-5cf9-4733-ad85-542698363e45', '2023-11-07', 'Average', 3.33, 'Reject', 'a7e18085-413d-4e70-8766-012e924d0345', 'e772a6eb-d734-47ce-8ef7-3f51bfd5dea9', '25f5af5e-c903-43bf-944c-908d32ed8a14');
INSERT INTO evaluation (id, evaluated_at, feedback, score, decision, panel_member_id, interview_id, candidate_id) VALUES ('823ca72a-52bd-457e-808e-41bb40eed132', '2022-01-24', 'Average', 3.61, 'Reject', 'c433a27d-19f4-47bb-8c9c-92e48f3a0ae6', 'e772a6eb-d734-47ce-8ef7-3f51bfd5dea9', '25f5af5e-c903-43bf-944c-908d32ed8a14');
INSERT INTO evaluation (id, evaluated_at, feedback, score, decision, panel_member_id, interview_id, candidate_id) VALUES ('8725c2f2-a982-4722-8b86-ca06967ee717', '2023-04-29', 'Strong fit', 3.67, 'Hold', 'd34907b3-ede7-4fb2-9296-142d01f7755a', '4509f9c2-5e6e-4938-b167-6810e88d848f', 'a0b2304d-6be8-4652-b1be-0921dcf67864');
INSERT INTO evaluation (id, evaluated_at, feedback, score, decision, panel_member_id, interview_id, candidate_id) VALUES ('0df1f953-d453-48e9-8c1e-4f66a71ab360', '2023-09-21', 'Good', 2.62, 'Reject', '50f9cbc1-6c76-41d1-ab19-82b8199428fe', '31739c54-431a-481b-9dc5-47a6ff07015d', 'b6c62436-5370-41fe-88f4-5a1d1ee646e5');
INSERT INTO evaluation (id, evaluated_at, feedback, score, decision, panel_member_id, interview_id, candidate_id) VALUES ('fd0e26da-b5ab-4ab9-abe6-bd5c7c99ceb6', '2025-12-11', 'Average', 3.76, 'Reject', '72e54aef-d0b8-489c-9bcc-4f7096b45d53', '31739c54-431a-481b-9dc5-47a6ff07015d', 'b6c62436-5370-41fe-88f4-5a1d1ee646e5');
INSERT INTO evaluation (id, evaluated_at, feedback, score, decision, panel_member_id, interview_id, candidate_id) VALUES ('d26c638a-0c9a-43c3-8302-2fb0f53b6198', '2023-08-28', 'Average', 3.46, 'Proceed', '6a3a6e27-05a8-4314-8631-4cda51b09e35', '0e620fb5-6046-4139-b3d2-ed80a5b33f7e', '6c803f1a-af89-4f0e-b8fa-2b8c3cb023df');
INSERT INTO evaluation (id, evaluated_at, feedback, score, decision, panel_member_id, interview_id, candidate_id) VALUES ('aa084827-a95a-479c-8d31-cbc241c9fc7a', '2022-10-01', 'Weak', 1.61, 'Reject', '09b2db45-f73a-40bd-b1f8-bbcabd864ddc', '0e620fb5-6046-4139-b3d2-ed80a5b33f7e', '6c803f1a-af89-4f0e-b8fa-2b8c3cb023df');
INSERT INTO evaluation (id, evaluated_at, feedback, score, decision, panel_member_id, interview_id, candidate_id) VALUES ('aedfd0f5-cb81-40d6-8981-b56c0e4d273c', '2025-05-25', 'Average', 2.66, 'Reject', 'c433a27d-19f4-47bb-8c9c-92e48f3a0ae6', '783ad186-57d6-4bb8-8723-06f4861048fe', 'e8d302e8-9b48-4742-90d1-0075b658ca16');
INSERT INTO evaluation (id, evaluated_at, feedback, score, decision, panel_member_id, interview_id, candidate_id) VALUES ('c60d071d-3ff5-400b-bea2-a95e2d968bee', '2024-08-22', 'No show', 4.21, 'Proceed', '50f9cbc1-6c76-41d1-ab19-82b8199428fe', '783ad186-57d6-4bb8-8723-06f4861048fe', 'e8d302e8-9b48-4742-90d1-0075b658ca16');
INSERT INTO evaluation (id, evaluated_at, feedback, score, decision, panel_member_id, interview_id, candidate_id) VALUES ('07cf1106-8761-4253-b70c-c43ee316b3d3', '2023-05-22', 'No show', 4.49, 'Proceed', '50f9cbc1-6c76-41d1-ab19-82b8199428fe', '43d52a09-41e3-4d63-a4cf-10f06b46f114', '12845a9e-d330-4b9e-940f-070d0afce5b5');
INSERT INTO evaluation (id, evaluated_at, feedback, score, decision, panel_member_id, interview_id, candidate_id) VALUES ('fdb4cd65-ca8c-41b8-bbc8-378d52763884', '2024-12-12', 'Weak', 3.11, 'Hold', '6a3a6e27-05a8-4314-8631-4cda51b09e35', '43d52a09-41e3-4d63-a4cf-10f06b46f114', '12845a9e-d330-4b9e-940f-070d0afce5b5');
INSERT INTO evaluation (id, evaluated_at, feedback, score, decision, panel_member_id, interview_id, candidate_id) VALUES ('39dcd679-c4cf-42f3-9a12-688b2eb27f66', '2022-06-09', 'No show', 1.45, 'Reject', '959fc0d0-42ad-4a2c-a463-8d68d232c276', '43d52a09-41e3-4d63-a4cf-10f06b46f114', '12845a9e-d330-4b9e-940f-070d0afce5b5');
INSERT INTO evaluation (id, evaluated_at, feedback, score, decision, panel_member_id, interview_id, candidate_id) VALUES ('2c56bccd-9310-4d73-9562-1510ae533a32', '2024-11-01', 'Good', 3.29, 'Proceed', 'bf7071ea-b335-4e34-9610-cb5fa5f3d0ab', '4519582a-9c8b-488a-ac34-8afe59d4a3f8', '8ecd39c9-b30d-4074-8561-56d5a1d6d89b');
INSERT INTO evaluation (id, evaluated_at, feedback, score, decision, panel_member_id, interview_id, candidate_id) VALUES ('c776f0fd-d264-462a-9a94-4ab98189df20', '2022-12-03', 'Average', 4.42, 'Hold', 'a9f34e18-a4c4-427f-951d-e72d792cc7aa', '6ab4bd3f-97ed-44a2-8d77-d39d360c6bab', '84451428-b554-4f79-b405-59d49c1c226a');
INSERT INTO evaluation (id, evaluated_at, feedback, score, decision, panel_member_id, interview_id, candidate_id) VALUES ('6fb5f4b9-c206-4c2c-880c-588953720e11', '2022-08-27', 'Good', 3.87, 'Hold', '6a3a6e27-05a8-4314-8631-4cda51b09e35', '6ab4bd3f-97ed-44a2-8d77-d39d360c6bab', '84451428-b554-4f79-b405-59d49c1c226a');
INSERT INTO evaluation (id, evaluated_at, feedback, score, decision, panel_member_id, interview_id, candidate_id) VALUES ('882aad5b-309b-4f94-9a1a-48c5517d79de', '2022-07-06', 'No show', 2.78, 'Proceed', '09b2db45-f73a-40bd-b1f8-bbcabd864ddc', '15155afa-2aa9-4b62-a2db-2b94fd89f534', 'e728170b-8a58-4880-9cb1-eddceb4197be');
INSERT INTO evaluation (id, evaluated_at, feedback, score, decision, panel_member_id, interview_id, candidate_id) VALUES ('ade83b53-a3bc-4667-ab0e-bdfe08d00157', '2024-07-17', 'Good', 3.05, 'Hold', '4d98a907-8167-4fae-a73b-cac743af7a46', 'beb10d56-8426-4e2e-8d28-1929105e0acf', '1cf0518e-3c06-48bd-a0c5-c11100ac88f8');
INSERT INTO evaluation (id, evaluated_at, feedback, score, decision, panel_member_id, interview_id, candidate_id) VALUES ('ce6c2d0c-de63-4be4-b11b-1be2076973ba', '2025-02-28', 'Strong fit', 3.24, 'Reject', 'bf7071ea-b335-4e34-9610-cb5fa5f3d0ab', 'beb10d56-8426-4e2e-8d28-1929105e0acf', '1cf0518e-3c06-48bd-a0c5-c11100ac88f8');
INSERT INTO evaluation (id, evaluated_at, feedback, score, decision, panel_member_id, interview_id, candidate_id) VALUES ('9cd97f57-3f27-40a2-839f-c22d8e11469c', '2023-09-24', 'Strong fit', 2.58, 'Proceed', '09b2db45-f73a-40bd-b1f8-bbcabd864ddc', 'b5395ddf-65ae-4429-9127-3a92108e24de', 'dd71ab7f-280b-4a7a-ac3e-0adfb7642ef0');
INSERT INTO evaluation (id, evaluated_at, feedback, score, decision, panel_member_id, interview_id, candidate_id) VALUES ('2274a2d9-26ca-4fc9-ba8d-e352d7712d13', '2023-03-23', 'No show', 1.29, 'Hold', 'd34907b3-ede7-4fb2-9296-142d01f7755a', 'b5395ddf-65ae-4429-9127-3a92108e24de', 'dd71ab7f-280b-4a7a-ac3e-0adfb7642ef0');
INSERT INTO evaluation (id, evaluated_at, feedback, score, decision, panel_member_id, interview_id, candidate_id) VALUES ('e59b0535-2535-4c20-beb6-c19658d8309f', '2023-12-07', 'Strong fit', 3.16, 'Proceed', '72e54aef-d0b8-489c-9bcc-4f7096b45d53', 'c4f4d3d7-6e7d-4e43-ae06-38839e967474', '8a680d53-d057-4dc0-8ac2-3e942bc843cd');
INSERT INTO evaluation (id, evaluated_at, feedback, score, decision, panel_member_id, interview_id, candidate_id) VALUES ('68f99190-0e40-4fb6-9638-7d3eddccbe2d', '2022-05-22', 'Weak', 1.13, 'Hold', '8c498c0c-a881-42d3-8c56-911b738bd528', '3e45d22a-77bc-4a07-b470-411c1977120a', '38108624-bd6a-41c2-a113-7a74c43d6820');
INSERT INTO evaluation (id, evaluated_at, feedback, score, decision, panel_member_id, interview_id, candidate_id) VALUES ('2f1bd9d5-d2a2-4c3e-bd44-7195f53bc201', '2023-01-04', 'Good', 4.06, 'Reject', '6a3a6e27-05a8-4314-8631-4cda51b09e35', '3e45d22a-77bc-4a07-b470-411c1977120a', '38108624-bd6a-41c2-a113-7a74c43d6820');
INSERT INTO evaluation (id, evaluated_at, feedback, score, decision, panel_member_id, interview_id, candidate_id) VALUES ('f17f96cf-09c4-4963-926c-cdc98af3d7ab', '2025-08-15', 'Weak', 2.5, 'Hold', 'd34907b3-ede7-4fb2-9296-142d01f7755a', '3e45d22a-77bc-4a07-b470-411c1977120a', '38108624-bd6a-41c2-a113-7a74c43d6820');
INSERT INTO evaluation (id, evaluated_at, feedback, score, decision, panel_member_id, interview_id, candidate_id) VALUES ('1f49aaed-8d0c-448f-84fb-fd4190db5bbc', '2024-07-07', 'Weak', 2.5, 'Reject', 'd34907b3-ede7-4fb2-9296-142d01f7755a', 'a9c15925-7a91-4364-a069-c0b226d1a191', '7eb83b44-75fa-4844-b183-32ce087fda59');
INSERT INTO evaluation (id, evaluated_at, feedback, score, decision, panel_member_id, interview_id, candidate_id) VALUES ('153b70d6-88d6-4817-8c1e-e028c12abac5', '2025-09-17', 'No show', 1.53, 'Hold', '807cd085-3a00-499b-8ed3-66c5db074041', '0deffb9c-ff3c-4971-8a1f-5f8ca8f8bbc4', '75a24a0b-ac9c-47b5-8430-c14bee370592');
INSERT INTO evaluation (id, evaluated_at, feedback, score, decision, panel_member_id, interview_id, candidate_id) VALUES ('4f1bc663-4255-48bb-88d0-c2d2072ee923', '2022-08-31', 'Good', 4.97, 'Hold', 'a6b9e182-8efb-40c4-963d-923da24621a0', '0deffb9c-ff3c-4971-8a1f-5f8ca8f8bbc4', '75a24a0b-ac9c-47b5-8430-c14bee370592');
INSERT INTO evaluation (id, evaluated_at, feedback, score, decision, panel_member_id, interview_id, candidate_id) VALUES ('29a846ee-badd-415b-883a-62f1c650a479', '2024-12-19', 'Good', 3.91, 'Proceed', 'd34907b3-ede7-4fb2-9296-142d01f7755a', '0deffb9c-ff3c-4971-8a1f-5f8ca8f8bbc4', '75a24a0b-ac9c-47b5-8430-c14bee370592');
INSERT INTO evaluation (id, evaluated_at, feedback, score, decision, panel_member_id, interview_id, candidate_id) VALUES ('b0eb2719-a2d5-4c51-9efe-d0a6ee0630d7', '2022-01-08', 'Strong fit', 4.91, 'Hold', '959fc0d0-42ad-4a2c-a463-8d68d232c276', 'bc036d3c-becf-426d-8800-078ac01b34bf', '46d616ce-9dbd-4bbb-b596-a93daf919eda');
INSERT INTO evaluation (id, evaluated_at, feedback, score, decision, panel_member_id, interview_id, candidate_id) VALUES ('d806c3a3-d239-41a7-a88e-47fcb6db9b7a', '2025-10-11', 'No show', 2.7, 'Hold', '6a3a6e27-05a8-4314-8631-4cda51b09e35', 'bc036d3c-becf-426d-8800-078ac01b34bf', '46d616ce-9dbd-4bbb-b596-a93daf919eda');
INSERT INTO evaluation (id, evaluated_at, feedback, score, decision, panel_member_id, interview_id, candidate_id) VALUES ('84fd28a8-62cd-4888-8ed4-d27743f08df8', '2023-04-16', 'Good', 2.84, 'Proceed', '1f8a9b8f-1c3a-4753-93f7-7af4f80dd4c4', 'a62b854d-ccb7-40de-96ad-0e575d11e0d7', '38108624-bd6a-41c2-a113-7a74c43d6820');
INSERT INTO evaluation (id, evaluated_at, feedback, score, decision, panel_member_id, interview_id, candidate_id) VALUES ('a953a31c-bcaf-4045-9441-ee3b1f788304', '2023-07-19', 'Good', 4.75, 'Reject', 'a9f34e18-a4c4-427f-951d-e72d792cc7aa', 'dc9ccecf-2183-49d5-82d8-3aba500c6736', 'ca186fef-9ae4-4289-814e-d47c577caab5');
INSERT INTO evaluation (id, evaluated_at, feedback, score, decision, panel_member_id, interview_id, candidate_id) VALUES ('f05907b9-649a-46d0-9c94-76fa5e5a855d', '2022-08-20', 'Strong fit', 4.24, 'Hold', '1f8a9b8f-1c3a-4753-93f7-7af4f80dd4c4', 'dc9ccecf-2183-49d5-82d8-3aba500c6736', 'ca186fef-9ae4-4289-814e-d47c577caab5');
INSERT INTO evaluation (id, evaluated_at, feedback, score, decision, panel_member_id, interview_id, candidate_id) VALUES ('febe8481-67ef-4c23-8823-8e4f75113450', '2025-06-13', 'Strong fit', 1.96, 'Proceed', 'd34907b3-ede7-4fb2-9296-142d01f7755a', 'dc9ccecf-2183-49d5-82d8-3aba500c6736', 'ca186fef-9ae4-4289-814e-d47c577caab5');
INSERT INTO evaluation (id, evaluated_at, feedback, score, decision, panel_member_id, interview_id, candidate_id) VALUES ('cae85fce-7907-4bba-b9c3-79c8c62d227d', '2022-07-26', 'No show', 1.13, 'Reject', '09b2db45-f73a-40bd-b1f8-bbcabd864ddc', 'bd13d125-3b21-47d8-8433-33bc019d5264', '12845a9e-d330-4b9e-940f-070d0afce5b5');
INSERT INTO evaluation (id, evaluated_at, feedback, score, decision, panel_member_id, interview_id, candidate_id) VALUES ('6797fd78-0d59-4d1f-9fef-aced044324d1', '2025-10-08', 'Strong fit', 1.98, 'Proceed', '8c498c0c-a881-42d3-8c56-911b738bd528', 'bd13d125-3b21-47d8-8433-33bc019d5264', '12845a9e-d330-4b9e-940f-070d0afce5b5');
INSERT INTO evaluation (id, evaluated_at, feedback, score, decision, panel_member_id, interview_id, candidate_id) VALUES ('ea8c6944-41c0-42ad-9054-398dadc098be', '2024-04-03', 'Weak', 1.94, 'Proceed', '50f9cbc1-6c76-41d1-ab19-82b8199428fe', 'bd13d125-3b21-47d8-8433-33bc019d5264', '12845a9e-d330-4b9e-940f-070d0afce5b5');
INSERT INTO evaluation (id, evaluated_at, feedback, score, decision, panel_member_id, interview_id, candidate_id) VALUES ('999ea97b-37ce-407b-8d29-dfe9e68cbb46', '2022-04-26', 'Good', 3.02, 'Hold', '35a00db8-5de3-43b6-b728-71f905132f1d', '14aa57c9-e69a-4f6a-b333-084aa8b7dbb5', '12845a9e-d330-4b9e-940f-070d0afce5b5');
INSERT INTO evaluation (id, evaluated_at, feedback, score, decision, panel_member_id, interview_id, candidate_id) VALUES ('516cb61b-c865-4e23-97e6-0a28b6e60f64', '2023-04-25', 'No show', 2.28, 'Reject', '4bbe28a0-b4a4-4b37-a4eb-651afbeca127', 'e2e7314a-24e0-4cb9-9a86-0b067bc5bf02', 'e68fc474-c1e5-49b2-81ca-ed3abcbcdebc');
INSERT INTO evaluation (id, evaluated_at, feedback, score, decision, panel_member_id, interview_id, candidate_id) VALUES ('7d25952f-1e35-4b36-9cf9-9ee59ef12eff', '2025-10-09', 'Average', 1.95, 'Proceed', '1f8a9b8f-1c3a-4753-93f7-7af4f80dd4c4', '9f2997a4-384e-43f9-b4e0-83404644653c', 'b6c62436-5370-41fe-88f4-5a1d1ee646e5');
INSERT INTO evaluation (id, evaluated_at, feedback, score, decision, panel_member_id, interview_id, candidate_id) VALUES ('63268a12-a2c7-40e0-96d4-1074df659b4d', '2025-09-14', 'No show', 1.88, 'Hold', '34948c48-ce8e-40d2-bd3d-8daa44be3d4f', 'de7f15e7-e0d4-4777-8927-766e6f54acf3', '8ecd39c9-b30d-4074-8561-56d5a1d6d89b');
INSERT INTO evaluation (id, evaluated_at, feedback, score, decision, panel_member_id, interview_id, candidate_id) VALUES ('bf700983-b2f6-499b-a76b-518aaaca5616', '2023-07-18', 'Strong fit', 3.23, 'Reject', '4bbe28a0-b4a4-4b37-a4eb-651afbeca127', '33374868-5e07-4ff4-81c5-8a18385cfba0', '1d0f487f-b68f-478e-9ebb-82d15002c1d0');
INSERT INTO evaluation (id, evaluated_at, feedback, score, decision, panel_member_id, interview_id, candidate_id) VALUES ('dc59379a-6b83-489d-809b-d379909e6b72', '2022-12-25', 'Weak', 3.22, 'Proceed', 'bf7071ea-b335-4e34-9610-cb5fa5f3d0ab', '33374868-5e07-4ff4-81c5-8a18385cfba0', '1d0f487f-b68f-478e-9ebb-82d15002c1d0');
INSERT INTO evaluation (id, evaluated_at, feedback, score, decision, panel_member_id, interview_id, candidate_id) VALUES ('0a68750b-96b7-4a04-959c-a8654f6d106f', '2023-12-07', 'Weak', 4.14, 'Hold', 'c433a27d-19f4-47bb-8c9c-92e48f3a0ae6', '33374868-5e07-4ff4-81c5-8a18385cfba0', '1d0f487f-b68f-478e-9ebb-82d15002c1d0');
INSERT INTO offer (id, candidate_id, job_requisition_id, generated_at, accepted_at, declined_at, status, comments) VALUES ('9b03a9a4-065f-4779-a9a3-88fa2d8cf52b', 'd6c35115-91b9-4bf3-b13c-172b859fc3a3', '7fba9b30-65ba-40f7-8b18-b8b56d85b8cc', '2023-11-02', NULL, NULL, 'Withdrawn', 'Negotiation ongoing');
INSERT INTO offer (id, candidate_id, job_requisition_id, generated_at, accepted_at, declined_at, status, comments) VALUES ('31506a7a-4f09-48f0-b82d-c01b8544c11d', '8946b4a0-d1df-4da5-98f6-4bd0b1001f07', 'afe35574-b1dd-4c2d-9d12-b1e914dc50b8', '2024-05-08', NULL, NULL, 'Withdrawn', 'Competitive package');
INSERT INTO offer (id, candidate_id, job_requisition_id, generated_at, accepted_at, declined_at, status, comments) VALUES ('b50f5c95-21a7-4567-bf98-a941622a6ee1', 'b9d03d15-5ded-4625-a265-b8f57760369b', '77d8115f-d264-439f-ab01-7fe2596fe593', '2025-08-06', '2025-08-06', NULL, 'Accepted', '');
INSERT INTO offer (id, candidate_id, job_requisition_id, generated_at, accepted_at, declined_at, status, comments) VALUES ('b9923560-6be9-42a4-85bf-278037ceabeb', 'e8d302e8-9b48-4742-90d1-0075b658ca16', '7fba9b30-65ba-40f7-8b18-b8b56d85b8cc', '2025-12-21', NULL, NULL, 'Withdrawn', 'Competitive package');
INSERT INTO offer (id, candidate_id, job_requisition_id, generated_at, accepted_at, declined_at, status, comments) VALUES ('bc4225dc-b7f9-4624-a790-5b129f39288a', '8946b4a0-d1df-4da5-98f6-4bd0b1001f07', '0625d70d-c920-46e5-880a-28dd71936595', '2024-02-21', NULL, '2024-02-21', 'Declined', 'Negotiation ongoing');
INSERT INTO offer (id, candidate_id, job_requisition_id, generated_at, accepted_at, declined_at, status, comments) VALUES ('af6b0095-c6b4-4cab-ba4e-b63ed64fc6d0', 'ca186fef-9ae4-4289-814e-d47c577caab5', 'd84af4ef-e7e8-4c40-9213-0999b070a6fe', '2025-01-29', NULL, NULL, 'Withdrawn', '');
INSERT INTO offer (id, candidate_id, job_requisition_id, generated_at, accepted_at, declined_at, status, comments) VALUES ('bcf62030-567a-497f-b549-03d22602e53f', '53309210-bbc7-478d-b29f-700c380b2b2e', '507a3f78-b6eb-43c2-a1d6-18bd902c713d', '2023-04-16', '2023-04-16', NULL, 'Accepted', 'Negotiation ongoing');
INSERT INTO offer (id, candidate_id, job_requisition_id, generated_at, accepted_at, declined_at, status, comments) VALUES ('dd969319-a313-4bd2-894e-7d77881705be', '8946b4a0-d1df-4da5-98f6-4bd0b1001f07', '7991a782-2e92-43aa-aeb6-cf28e8843216', '2023-05-30', NULL, NULL, 'Pending', 'Competitive package');
INSERT INTO offer (id, candidate_id, job_requisition_id, generated_at, accepted_at, declined_at, status, comments) VALUES ('a3a20c48-c452-4c5a-b622-3c55eea98922', '25f5af5e-c903-43bf-944c-908d32ed8a14', 'f64cc15a-45db-4ba5-8247-4ef798e3bad8', '2025-09-08', '2025-09-08', NULL, 'Accepted', 'Competitive package');
INSERT INTO offer (id, candidate_id, job_requisition_id, generated_at, accepted_at, declined_at, status, comments) VALUES ('44738211-017e-4e26-9490-1f5ce4895c64', 'ef14bbdc-5693-40d4-975e-3ae84a0d2568', '27d77499-357a-4abd-b970-cfc149e17adf', '2024-09-12', NULL, '2024-09-12', 'Declined', '');
INSERT INTO offer (id, candidate_id, job_requisition_id, generated_at, accepted_at, declined_at, status, comments) VALUES ('ab25d078-a73d-483c-b3d4-93897ee21926', 'd5345435-728a-4664-af39-c9e4a2b936c7', '27d77499-357a-4abd-b970-cfc149e17adf', '2023-08-29', '2023-08-29', NULL, 'Accepted', 'Relocation offered');
INSERT INTO offer (id, candidate_id, job_requisition_id, generated_at, accepted_at, declined_at, status, comments) VALUES ('c3ef7f9a-783d-40eb-b181-5dd83c3b5dcf', '704db74e-1f7e-462f-ab1c-86d11244f155', '0625d70d-c920-46e5-880a-28dd71936595', '2025-03-23', '2025-03-23', NULL, 'Accepted', 'Competitive package');
INSERT INTO offer (id, candidate_id, job_requisition_id, generated_at, accepted_at, declined_at, status, comments) VALUES ('c9f8f3d7-2f1c-4a85-8492-2b988e1426b9', 'e8d302e8-9b48-4742-90d1-0075b658ca16', 'deae4536-b7e5-4e23-822d-a0c295751f98', '2025-02-18', NULL, '2025-02-18', 'Declined', 'Relocation offered');
INSERT INTO offer (id, candidate_id, job_requisition_id, generated_at, accepted_at, declined_at, status, comments) VALUES ('75ab13e0-2d28-4106-ad38-ba4f13af7c6a', '53309210-bbc7-478d-b29f-700c380b2b2e', '57de6d64-d04e-4585-ab5a-bf30b2439d81', '2024-09-23', NULL, '2024-09-23', 'Declined', 'Negotiation ongoing');
INSERT INTO offer (id, candidate_id, job_requisition_id, generated_at, accepted_at, declined_at, status, comments) VALUES ('d45c7053-7e38-4e3d-9e69-6511070b4125', 'b6c62436-5370-41fe-88f4-5a1d1ee646e5', '22e3d3f7-9542-4285-b056-d1d0c8e8f196', '2025-08-12', NULL, NULL, 'Withdrawn', '');
INSERT INTO offer (id, candidate_id, job_requisition_id, generated_at, accepted_at, declined_at, status, comments) VALUES ('3eada703-1869-4fa3-9c32-0df860de59de', '25f5af5e-c903-43bf-944c-908d32ed8a14', '507a3f78-b6eb-43c2-a1d6-18bd902c713d', '2024-10-17', NULL, NULL, 'Withdrawn', 'Competitive package');
INSERT INTO offer (id, candidate_id, job_requisition_id, generated_at, accepted_at, declined_at, status, comments) VALUES ('3cebe5ef-ecc2-4b45-9d3f-5699accf0f09', 'b6c62436-5370-41fe-88f4-5a1d1ee646e5', 'deae4536-b7e5-4e23-822d-a0c295751f98', '2023-04-04', NULL, NULL, 'Withdrawn', 'Competitive package');
INSERT INTO offer (id, candidate_id, job_requisition_id, generated_at, accepted_at, declined_at, status, comments) VALUES ('f4d206ab-f94f-4b2d-a563-55fa46e69063', '67ed7812-bf5b-4fb4-9a57-a1f55212b9fe', '21bdbd2f-c6bf-454f-9c8e-ad8211147394', '2024-06-18', NULL, NULL, 'Pending', 'Relocation offered');
INSERT INTO offer (id, candidate_id, job_requisition_id, generated_at, accepted_at, declined_at, status, comments) VALUES ('e3f2e65c-f04e-4712-be88-855eedc9d7b1', 'e1d80291-d05d-4bf3-a084-a238b7c5bd9f', '21bdbd2f-c6bf-454f-9c8e-ad8211147394', '2024-11-06', '2024-11-06', NULL, 'Accepted', 'Competitive package');
INSERT INTO offer (id, candidate_id, job_requisition_id, generated_at, accepted_at, declined_at, status, comments) VALUES ('b4e7a5a2-ae37-43cf-8857-9b25752f4df7', '8946b4a0-d1df-4da5-98f6-4bd0b1001f07', 'da1c59fa-f456-40e4-a4a9-9ff1b20e1a92', '2025-10-19', '2025-10-19', NULL, 'Accepted', 'Negotiation ongoing');
INSERT INTO offer (id, candidate_id, job_requisition_id, generated_at, accepted_at, declined_at, status, comments) VALUES ('71ef1bac-ef27-4b6a-812a-bb1640d7698b', '331b7c19-1c0a-4a9e-8d72-29761b00d51d', 'f64cc15a-45db-4ba5-8247-4ef798e3bad8', '2025-10-01', NULL, NULL, 'Withdrawn', 'Relocation offered');
INSERT INTO offer (id, candidate_id, job_requisition_id, generated_at, accepted_at, declined_at, status, comments) VALUES ('3c7c6673-4b00-4d08-bb04-3970e027b4bb', '38108624-bd6a-41c2-a113-7a74c43d6820', '507a3f78-b6eb-43c2-a1d6-18bd902c713d', '2023-12-13', NULL, '2023-12-13', 'Declined', 'Competitive package');
INSERT INTO offer (id, candidate_id, job_requisition_id, generated_at, accepted_at, declined_at, status, comments) VALUES ('2c8895d0-7b3c-4c1f-b5ed-39ffb9dbab03', '6f857305-3e4b-4b4a-9b8c-0a3f1311b798', 'c1a3ddd0-6141-4e2a-9a79-61f563acc885', '2024-01-12', NULL, NULL, 'Withdrawn', '');
INSERT INTO offer (id, candidate_id, job_requisition_id, generated_at, accepted_at, declined_at, status, comments) VALUES ('9079d541-b254-4f96-8edd-117a48f211b5', '87cce8f9-36ad-432e-baef-6e5a07cd1c1f', 'eb75a41f-4a54-4561-962e-90ebf9708507', '2023-04-10', NULL, NULL, 'Pending', '');
INSERT INTO offer (id, candidate_id, job_requisition_id, generated_at, accepted_at, declined_at, status, comments) VALUES ('f5c4d6ca-e5c1-4f35-a0bc-654e06772557', '7eb83b44-75fa-4844-b183-32ce087fda59', '21bdbd2f-c6bf-454f-9c8e-ad8211147394', '2023-05-20', '2023-05-20', NULL, 'Accepted', 'Competitive package');
INSERT INTO offer (id, candidate_id, job_requisition_id, generated_at, accepted_at, declined_at, status, comments) VALUES ('83f85e07-db1a-4d00-b909-af198e7fc681', '98818bb0-1db9-4993-984c-c13ff009a8f2', 'ba595a31-faec-47f6-82fc-de97ad2bddd5', '2025-02-03', NULL, NULL, 'Withdrawn', '');
INSERT INTO offer (id, candidate_id, job_requisition_id, generated_at, accepted_at, declined_at, status, comments) VALUES ('f8a07f67-ccdd-4dcb-a666-13fdd52fbdc9', '1f526662-4163-4477-be4c-2a767473fca3', '57de6d64-d04e-4585-ab5a-bf30b2439d81', '2025-09-26', NULL, NULL, 'Withdrawn', '');
INSERT INTO offer (id, candidate_id, job_requisition_id, generated_at, accepted_at, declined_at, status, comments) VALUES ('ccf43aee-b44f-4055-8607-d235e7994a7c', '98818bb0-1db9-4993-984c-c13ff009a8f2', 'c1a3ddd0-6141-4e2a-9a79-61f563acc885', '2023-01-25', NULL, NULL, 'Withdrawn', '');
INSERT INTO offer (id, candidate_id, job_requisition_id, generated_at, accepted_at, declined_at, status, comments) VALUES ('1b0aa39f-31a4-4021-a144-1f17015d4395', '87cce8f9-36ad-432e-baef-6e5a07cd1c1f', '507a3f78-b6eb-43c2-a1d6-18bd902c713d', '2024-08-10', NULL, '2024-08-10', 'Declined', '');
INSERT INTO offer (id, candidate_id, job_requisition_id, generated_at, accepted_at, declined_at, status, comments) VALUES ('2d3ee9f1-2eb8-43c4-96b0-eb54916929ad', 'e728170b-8a58-4880-9cb1-eddceb4197be', 'a1472a00-cf8a-474e-ad25-9d8b87354d2b', '2024-01-03', NULL, NULL, 'Withdrawn', '');
INSERT INTO onboarding (id, candidate_id, start_date, status, offer_id) VALUES ('59aad71c-97c9-4eed-b8cf-d595758dd715', 'e728170b-8a58-4880-9cb1-eddceb4197be', '2022-07-17 00:00:00', 'Completed', '2d3ee9f1-2eb8-43c4-96b0-eb54916929ad');
INSERT INTO onboarding (id, candidate_id, start_date, status, offer_id) VALUES ('91d1c0a4-59a7-493b-bf2d-9160ca925b07', '8946b4a0-d1df-4da5-98f6-4bd0b1001f07', '2023-05-09 00:00:00', 'Started', 'bc4225dc-b7f9-4624-a790-5b129f39288a');
INSERT INTO onboarding (id, candidate_id, start_date, status, offer_id) VALUES ('21d58a41-979d-4787-93f6-33823ea2a619', '8946b4a0-d1df-4da5-98f6-4bd0b1001f07', '2024-12-14 00:00:00', 'Pending', 'b4e7a5a2-ae37-43cf-8857-9b25752f4df7');
INSERT INTO onboarding (id, candidate_id, start_date, status, offer_id) VALUES ('934093d4-e31a-450f-83b6-17d5a2b31bcc', '1f526662-4163-4477-be4c-2a767473fca3', '2023-12-27 00:00:00', 'Pending', 'f8a07f67-ccdd-4dcb-a666-13fdd52fbdc9');
INSERT INTO onboarding (id, candidate_id, start_date, status, offer_id) VALUES ('1c170350-016c-4d7a-9a08-420161fc83c0', '98818bb0-1db9-4993-984c-c13ff009a8f2', '2024-03-23 00:00:00', 'Started', '83f85e07-db1a-4d00-b909-af198e7fc681');
INSERT INTO onboarding (id, candidate_id, start_date, status, offer_id) VALUES ('46cc88eb-71ca-405a-b273-e6255859ebf0', '704db74e-1f7e-462f-ab1c-86d11244f155', '2024-04-11 00:00:00', 'Pending', 'c3ef7f9a-783d-40eb-b181-5dd83c3b5dcf');
INSERT INTO onboarding (id, candidate_id, start_date, status, offer_id) VALUES ('bee150de-7a83-4625-9d27-a2d7aeb5746a', 'e1d80291-d05d-4bf3-a084-a238b7c5bd9f', '2023-05-14 00:00:00', 'Completed', 'e3f2e65c-f04e-4712-be88-855eedc9d7b1');
INSERT INTO onboarding (id, candidate_id, start_date, status, offer_id) VALUES ('b9e8893b-a77e-42c5-afaf-fd90983052d1', '8946b4a0-d1df-4da5-98f6-4bd0b1001f07', '2023-09-07 00:00:00', 'Completed', 'dd969319-a313-4bd2-894e-7d77881705be');
INSERT INTO onboarding (id, candidate_id, start_date, status, offer_id) VALUES ('c2d0e282-6c15-4291-87ca-59667a60f8dd', '1f526662-4163-4477-be4c-2a767473fca3', '2022-06-15 00:00:00', 'Completed', 'f8a07f67-ccdd-4dcb-a666-13fdd52fbdc9');
INSERT INTO onboarding (id, candidate_id, start_date, status, offer_id) VALUES ('acc771ec-eb29-4062-af7f-475e302e9e11', '98818bb0-1db9-4993-984c-c13ff009a8f2', '2025-08-23 00:00:00', 'Started', 'ccf43aee-b44f-4055-8607-d235e7994a7c');
INSERT INTO onboarding (id, candidate_id, start_date, status, offer_id) VALUES ('8923b72c-6dac-4392-96f1-5e2c0b46c797', 'b9d03d15-5ded-4625-a265-b8f57760369b', '2024-04-10 00:00:00', 'Pending', 'b50f5c95-21a7-4567-bf98-a941622a6ee1');
INSERT INTO onboarding (id, candidate_id, start_date, status, offer_id) VALUES ('ff905def-a234-4ac3-86ef-5edc1e2f58c3', 'e8d302e8-9b48-4742-90d1-0075b658ca16', '2025-02-05 00:00:00', 'Pending', 'c9f8f3d7-2f1c-4a85-8492-2b988e1426b9');
INSERT INTO onboarding (id, candidate_id, start_date, status, offer_id) VALUES ('71745a54-ef16-47d2-9574-83525a4c38bc', '8946b4a0-d1df-4da5-98f6-4bd0b1001f07', '2025-07-28 00:00:00', 'Started', '31506a7a-4f09-48f0-b82d-c01b8544c11d');
INSERT INTO onboarding (id, candidate_id, start_date, status, offer_id) VALUES ('95bec3b5-8725-4034-9c7b-10b11c11654c', '6f857305-3e4b-4b4a-9b8c-0a3f1311b798', '2022-12-17 00:00:00', 'Started', '2c8895d0-7b3c-4c1f-b5ed-39ffb9dbab03');
INSERT INTO onboarding (id, candidate_id, start_date, status, offer_id) VALUES ('779f7756-19d2-420c-ba6d-0a4960182f45', '25f5af5e-c903-43bf-944c-908d32ed8a14', '2024-06-07 00:00:00', 'Completed', '3eada703-1869-4fa3-9c32-0df860de59de');
INSERT INTO onboarding (id, candidate_id, start_date, status, offer_id) VALUES ('85745ded-6d22-4caa-9ac3-a8f029ebc860', '98818bb0-1db9-4993-984c-c13ff009a8f2', '2023-11-10 00:00:00', 'Completed', '83f85e07-db1a-4d00-b909-af198e7fc681');
INSERT INTO onboarding (id, candidate_id, start_date, status, offer_id) VALUES ('597eded0-c3ac-4347-9ca7-e63915c5f837', '98818bb0-1db9-4993-984c-c13ff009a8f2', '2022-07-15 00:00:00', 'Completed', 'ccf43aee-b44f-4055-8607-d235e7994a7c');
INSERT INTO onboarding (id, candidate_id, start_date, status, offer_id) VALUES ('eb1b2267-659c-4738-9805-2ad888c375a5', 'e728170b-8a58-4880-9cb1-eddceb4197be', '2022-03-29 00:00:00', 'Started', '2d3ee9f1-2eb8-43c4-96b0-eb54916929ad');
INSERT INTO onboarding (id, candidate_id, start_date, status, offer_id) VALUES ('d0902aac-38ed-41ae-befb-8bbb6b4da508', '53309210-bbc7-478d-b29f-700c380b2b2e', '2025-11-18 00:00:00', 'Completed', 'bcf62030-567a-497f-b549-03d22602e53f');
INSERT INTO onboarding (id, candidate_id, start_date, status, offer_id) VALUES ('02822328-50b0-495c-b975-d6c1a21b20bf', '25f5af5e-c903-43bf-944c-908d32ed8a14', '2023-07-10 00:00:00', 'Started', '3eada703-1869-4fa3-9c32-0df860de59de');
INSERT INTO onboarding (id, candidate_id, start_date, status, offer_id) VALUES ('aac0c3c8-b09b-4895-994b-a735e117c9c1', 'e728170b-8a58-4880-9cb1-eddceb4197be', '2022-06-02 00:00:00', 'Completed', '2d3ee9f1-2eb8-43c4-96b0-eb54916929ad');
INSERT INTO onboarding (id, candidate_id, start_date, status, offer_id) VALUES ('5cd87bd8-87e8-46e1-a4c6-01fecd1e7bdc', 'e728170b-8a58-4880-9cb1-eddceb4197be', '2023-07-29 00:00:00', 'Completed', '2d3ee9f1-2eb8-43c4-96b0-eb54916929ad');
INSERT INTO onboarding (id, candidate_id, start_date, status, offer_id) VALUES ('a5cf2c57-28ef-4dd8-9bcb-5bf29ddb37bc', 'e1d80291-d05d-4bf3-a084-a238b7c5bd9f', '2025-09-09 00:00:00', 'Started', 'e3f2e65c-f04e-4712-be88-855eedc9d7b1');
INSERT INTO onboarding (id, candidate_id, start_date, status, offer_id) VALUES ('8856eff4-7c0a-4c5f-964d-6b653693a77e', 'ca186fef-9ae4-4289-814e-d47c577caab5', '2023-10-07 00:00:00', 'Started', 'af6b0095-c6b4-4cab-ba4e-b63ed64fc6d0');
INSERT INTO onboarding (id, candidate_id, start_date, status, offer_id) VALUES ('eeb17615-cbcb-41d2-aacd-32562c7be04e', '53309210-bbc7-478d-b29f-700c380b2b2e', '2025-04-17 00:00:00', 'Started', 'bcf62030-567a-497f-b549-03d22602e53f');
INSERT INTO onboarding (id, candidate_id, start_date, status, offer_id) VALUES ('c0da5eec-1a79-4ef7-a66e-013a4115d8b3', '7eb83b44-75fa-4844-b183-32ce087fda59', '2025-12-30 00:00:00', 'Pending', 'f5c4d6ca-e5c1-4f35-a0bc-654e06772557');
INSERT INTO onboarding (id, candidate_id, start_date, status, offer_id) VALUES ('e0af91ad-4413-4941-997e-29687c218db1', 'e728170b-8a58-4880-9cb1-eddceb4197be', '2022-06-07 00:00:00', 'Pending', '2d3ee9f1-2eb8-43c4-96b0-eb54916929ad');
INSERT INTO onboarding (id, candidate_id, start_date, status, offer_id) VALUES ('3994abcd-e27c-4fb1-9886-228a7bcb11df', 'ca186fef-9ae4-4289-814e-d47c577caab5', '2025-02-28 00:00:00', 'Started', 'af6b0095-c6b4-4cab-ba4e-b63ed64fc6d0');
INSERT INTO onboarding (id, candidate_id, start_date, status, offer_id) VALUES ('51a8e311-438c-4214-b986-78f642d95fcf', 'e1d80291-d05d-4bf3-a084-a238b7c5bd9f', '2024-03-07 00:00:00', 'Completed', 'e3f2e65c-f04e-4712-be88-855eedc9d7b1');
INSERT INTO onboarding (id, candidate_id, start_date, status, offer_id) VALUES ('9e768448-f9a7-4e2b-92f3-630d00dee456', '87cce8f9-36ad-432e-baef-6e5a07cd1c1f', '2025-01-12 00:00:00', 'Pending', '1b0aa39f-31a4-4021-a144-1f17015d4395');
INSERT INTO job_status_history (id, job_requisition_id, status, changed_at, reason) VALUES ('fe20420c-4b45-43f7-bf70-250fc34e2c5e', '69932582-aedf-4c21-bc16-0ec09c598e1c', 'Closed', '2025-11-12 00:00:00', 'Role filled');
INSERT INTO job_status_history (id, job_requisition_id, status, changed_at, reason) VALUES ('9374542b-6243-4f2a-a38c-92ee779bbcc4', '22e3d3f7-9542-4285-b056-d1d0c8e8f196', 'On Hold', '2022-04-20 00:00:00', 'Role filled');
INSERT INTO job_status_history (id, job_requisition_id, status, changed_at, reason) VALUES ('de55dc0a-3dc0-4482-9dff-49e14a496a3e', '7fba9b30-65ba-40f7-8b18-b8b56d85b8cc', 'Closed', '2022-06-05 00:00:00', 'Freeze');
INSERT INTO job_status_history (id, job_requisition_id, status, changed_at, reason) VALUES ('122519e7-18a3-4f8e-82c1-c2c02ba2e8f7', '428e791c-ec59-45e9-9bcc-713b8b967e5b', 'Filled', '2023-10-31 00:00:00', 'Role filled');
INSERT INTO job_status_history (id, job_requisition_id, status, changed_at, reason) VALUES ('13b83ba0-69bd-46a1-98d6-a2e781027a4c', '57de6d64-d04e-4585-ab5a-bf30b2439d81', 'On Hold', '2024-07-11 00:00:00', 'Reopen');
INSERT INTO job_status_history (id, job_requisition_id, status, changed_at, reason) VALUES ('a880da63-1d69-4b36-b602-12e5b5d00f1f', '0625d70d-c920-46e5-880a-28dd71936595', 'On Hold', '2025-02-06 00:00:00', 'Reopen');
INSERT INTO job_status_history (id, job_requisition_id, status, changed_at, reason) VALUES ('8e4770d3-2fbc-4af0-8d2b-9a37900fccb7', '7fba9b30-65ba-40f7-8b18-b8b56d85b8cc', 'Closed', '2025-10-24 00:00:00', 'Reopen');
INSERT INTO job_status_history (id, job_requisition_id, status, changed_at, reason) VALUES ('d4bc8554-fff0-405c-a0c6-694d9f3eb565', 'd84af4ef-e7e8-4c40-9213-0999b070a6fe', 'On Hold', '2023-05-20 00:00:00', 'Role filled');
INSERT INTO job_status_history (id, job_requisition_id, status, changed_at, reason) VALUES ('3d653a79-42cf-42ce-a223-40641fff1a33', 'd84af4ef-e7e8-4c40-9213-0999b070a6fe', 'On Hold', '2022-11-12 00:00:00', 'Reopen');
INSERT INTO job_status_history (id, job_requisition_id, status, changed_at, reason) VALUES ('6d319167-cd94-45b0-bff2-82a71295cc5a', '0a38a28d-e7fa-4dae-8666-1c8c130239c7', 'Closed', '2024-03-08 00:00:00', 'Freeze');
INSERT INTO job_status_history (id, job_requisition_id, status, changed_at, reason) VALUES ('c9ead28b-cbba-4134-870a-ddf53e85dc15', '9932fba0-b209-462d-a3d7-6e6f1d3838bc', 'Open', '2022-07-07 00:00:00', 'Role filled');
INSERT INTO job_status_history (id, job_requisition_id, status, changed_at, reason) VALUES ('66975ea4-0ce9-4624-b355-732e7ca0df34', 'a5dc579a-f599-4307-a3a3-ef4843733169', 'Filled', '2024-01-08 00:00:00', 'Freeze');
INSERT INTO job_status_history (id, job_requisition_id, status, changed_at, reason) VALUES ('85c1a08b-4c9b-4c21-99f7-513dd43d8121', 'de71fc34-5071-4594-a369-65bd2c4ae21c', 'Closed', '2022-06-28 00:00:00', 'Budget');
INSERT INTO job_status_history (id, job_requisition_id, status, changed_at, reason) VALUES ('d784481e-c16e-45af-a1a1-2d40aa9ce5eb', '7fba9b30-65ba-40f7-8b18-b8b56d85b8cc', 'Filled', '2025-02-14 00:00:00', 'Reopen');
INSERT INTO job_status_history (id, job_requisition_id, status, changed_at, reason) VALUES ('62b9a4ab-1894-45a3-88fa-485f28a94e0f', 'de71fc34-5071-4594-a369-65bd2c4ae21c', 'Open', '2022-07-03 00:00:00', 'Freeze');
INSERT INTO job_status_history (id, job_requisition_id, status, changed_at, reason) VALUES ('0f51e9b1-232d-4857-b899-06f93a10a7b8', 'c1a3ddd0-6141-4e2a-9a79-61f563acc885', 'Open', '2025-05-07 00:00:00', 'Freeze');
INSERT INTO job_status_history (id, job_requisition_id, status, changed_at, reason) VALUES ('4eb58c57-737f-4634-a2a9-196130d52679', '77d8115f-d264-439f-ab01-7fe2596fe593', 'Filled', '2022-01-26 00:00:00', 'Freeze');
INSERT INTO job_status_history (id, job_requisition_id, status, changed_at, reason) VALUES ('5abb9f28-68e8-43ee-80f1-49c7dec3a482', '7fba9b30-65ba-40f7-8b18-b8b56d85b8cc', 'Filled', '2022-06-23 00:00:00', 'Budget');
INSERT INTO job_status_history (id, job_requisition_id, status, changed_at, reason) VALUES ('e32d985d-b3a4-46a2-8332-46aa7e44a3a0', 'da1c59fa-f456-40e4-a4a9-9ff1b20e1a92', 'Closed', '2025-11-04 00:00:00', 'Reopen');
INSERT INTO job_status_history (id, job_requisition_id, status, changed_at, reason) VALUES ('5bdbc1e9-1c47-4ad9-914f-15cf9db4c956', 'afe35574-b1dd-4c2d-9d12-b1e914dc50b8', 'Closed', '2023-07-05 00:00:00', 'Freeze');
INSERT INTO job_status_history (id, job_requisition_id, status, changed_at, reason) VALUES ('7652284a-c36d-4489-8e59-a2e3c418bed7', '53ad13da-61a4-4b08-8a52-72f237b73b4f', 'Filled', '2022-10-26 00:00:00', 'Role filled');
INSERT INTO job_status_history (id, job_requisition_id, status, changed_at, reason) VALUES ('2a822d15-bb7d-48bc-b0e0-1a52b339510f', 'afe35574-b1dd-4c2d-9d12-b1e914dc50b8', 'Filled', '2023-07-20 00:00:00', 'Reopen');
INSERT INTO job_status_history (id, job_requisition_id, status, changed_at, reason) VALUES ('8af14d73-f723-4dc7-86b0-4131009c08bf', 'a5dc579a-f599-4307-a3a3-ef4843733169', 'Filled', '2022-06-07 00:00:00', 'Freeze');
INSERT INTO job_status_history (id, job_requisition_id, status, changed_at, reason) VALUES ('afe2d4ce-fa97-4b2b-a9ef-c6ac5da1f4f1', '53ad13da-61a4-4b08-8a52-72f237b73b4f', 'Closed', '2025-07-04 00:00:00', 'Reopen');
INSERT INTO job_status_history (id, job_requisition_id, status, changed_at, reason) VALUES ('501a197d-43c4-4ab3-b08b-cac73e968dc4', '428e791c-ec59-45e9-9bcc-713b8b967e5b', 'Closed', '2024-07-26 00:00:00', 'Role filled');
INSERT INTO job_status_history (id, job_requisition_id, status, changed_at, reason) VALUES ('43c39308-12da-4e4c-9763-1e43aca3be41', '21bdbd2f-c6bf-454f-9c8e-ad8211147394', 'On Hold', '2022-01-14 00:00:00', 'Reopen');
INSERT INTO job_status_history (id, job_requisition_id, status, changed_at, reason) VALUES ('7a2292ca-f97a-4899-a2cc-25b7772bd84a', 'deae4536-b7e5-4e23-822d-a0c295751f98', 'Filled', '2023-11-06 00:00:00', 'Reopen');
INSERT INTO job_status_history (id, job_requisition_id, status, changed_at, reason) VALUES ('eff66d17-083e-4ee8-bd2b-b027efae42c8', 'deae4536-b7e5-4e23-822d-a0c295751f98', 'Filled', '2025-08-26 00:00:00', 'Budget');
INSERT INTO job_status_history (id, job_requisition_id, status, changed_at, reason) VALUES ('498c1253-040f-4140-a575-ad52bd03b9a3', 'a5dc579a-f599-4307-a3a3-ef4843733169', 'On Hold', '2025-05-20 00:00:00', 'Budget');
INSERT INTO job_status_history (id, job_requisition_id, status, changed_at, reason) VALUES ('201cc094-7afb-479f-9ced-60b3910c9fdc', 'a67669b6-83f5-4f40-8476-61c88e5f9241', 'On Hold', '2022-12-30 00:00:00', 'Reopen');
INSERT INTO job_status_history (id, job_requisition_id, status, changed_at, reason) VALUES ('2a3a2b58-11c1-4def-8fb3-4b5099db0188', 'deae4536-b7e5-4e23-822d-a0c295751f98', 'On Hold', '2025-11-24 00:00:00', 'Reopen');
INSERT INTO job_status_history (id, job_requisition_id, status, changed_at, reason) VALUES ('bd2cef25-1958-49e3-9c4d-5f34f65771a8', 'da1c59fa-f456-40e4-a4a9-9ff1b20e1a92', 'Closed', '2023-10-30 00:00:00', 'Reopen');
INSERT INTO job_status_history (id, job_requisition_id, status, changed_at, reason) VALUES ('2af4f698-9a00-4cc4-a022-b3cc0a34195e', '53ad13da-61a4-4b08-8a52-72f237b73b4f', 'Filled', '2024-01-18 00:00:00', 'Role filled');
INSERT INTO job_status_history (id, job_requisition_id, status, changed_at, reason) VALUES ('22c6ad44-7a83-458b-a568-008e727d4864', '27d77499-357a-4abd-b970-cfc149e17adf', 'Closed', '2025-04-27 00:00:00', 'Budget');
INSERT INTO job_status_history (id, job_requisition_id, status, changed_at, reason) VALUES ('5270d494-76a3-47c5-ba42-17ef8727cd8f', '7991a782-2e92-43aa-aeb6-cf28e8843216', 'Open', '2024-08-03 00:00:00', 'Budget');
INSERT INTO job_status_history (id, job_requisition_id, status, changed_at, reason) VALUES ('a2c10d6c-6ba2-42db-b300-73715765c52e', '046b6689-be79-4078-ad10-82854c7858cd', 'On Hold', '2025-11-19 00:00:00', 'Role filled');
INSERT INTO job_status_history (id, job_requisition_id, status, changed_at, reason) VALUES ('6df44fa1-b34d-48da-9b87-7909010e319d', 'a1472a00-cf8a-474e-ad25-9d8b87354d2b', 'Filled', '2025-10-10 00:00:00', 'Reopen');
INSERT INTO job_status_history (id, job_requisition_id, status, changed_at, reason) VALUES ('2db225e8-6d1a-49a0-8c60-f08de46d1cee', '21bdbd2f-c6bf-454f-9c8e-ad8211147394', 'On Hold', '2023-05-11 00:00:00', 'Freeze');
INSERT INTO job_status_history (id, job_requisition_id, status, changed_at, reason) VALUES ('190f65cc-a522-479d-931a-1b8d9c6b952e', '7991a782-2e92-43aa-aeb6-cf28e8843216', 'Closed', '2024-05-16 00:00:00', 'Reopen');
INSERT INTO job_status_history (id, job_requisition_id, status, changed_at, reason) VALUES ('3252c597-228e-47a5-b9b4-5a2d9baca1eb', 'd84af4ef-e7e8-4c40-9213-0999b070a6fe', 'Filled', '2025-05-09 00:00:00', 'Reopen');
INSERT INTO job_status_history (id, job_requisition_id, status, changed_at, reason) VALUES ('8c501c36-8278-4fdb-bdc3-158d98f1b512', 'da1c59fa-f456-40e4-a4a9-9ff1b20e1a92', 'Filled', '2024-12-30 00:00:00', 'Reopen');
INSERT INTO job_status_history (id, job_requisition_id, status, changed_at, reason) VALUES ('2a7d5f57-2bfb-4462-8000-1b2422eeee0f', 'c1a3ddd0-6141-4e2a-9a79-61f563acc885', 'Open', '2024-01-07 00:00:00', 'Role filled');
INSERT INTO job_status_history (id, job_requisition_id, status, changed_at, reason) VALUES ('9688b02b-39ea-43a8-af27-a554997adfb1', 'de71fc34-5071-4594-a369-65bd2c4ae21c', 'Closed', '2025-09-08 00:00:00', 'Freeze');
INSERT INTO job_status_history (id, job_requisition_id, status, changed_at, reason) VALUES ('48b68594-ea2d-4cee-aae6-4e178c5310cd', 'afe35574-b1dd-4c2d-9d12-b1e914dc50b8', 'Open', '2025-02-27 00:00:00', 'Reopen');
INSERT INTO job_status_history (id, job_requisition_id, status, changed_at, reason) VALUES ('5ac7a64c-7d46-4def-ab03-347518712dfd', 'f64cc15a-45db-4ba5-8247-4ef798e3bad8', 'On Hold', '2024-05-31 00:00:00', 'Role filled');
INSERT INTO job_status_history (id, job_requisition_id, status, changed_at, reason) VALUES ('239373dc-c9f0-4c9c-803d-36490190f0d7', '1dcdeb58-b9e6-43a1-9d31-641b5c801655', 'Open', '2023-06-14 00:00:00', 'Budget');
INSERT INTO job_status_history (id, job_requisition_id, status, changed_at, reason) VALUES ('698abd89-b4b9-4051-85ed-428f114d837c', '22e3d3f7-9542-4285-b056-d1d0c8e8f196', 'Closed', '2024-07-01 00:00:00', 'Freeze');
INSERT INTO job_status_history (id, job_requisition_id, status, changed_at, reason) VALUES ('ff1b8e50-96a7-4b6c-a839-8d4ca7425ea6', '69932582-aedf-4c21-bc16-0ec09c598e1c', 'Filled', '2025-10-23 00:00:00', 'Budget');
INSERT INTO job_status_history (id, job_requisition_id, status, changed_at, reason) VALUES ('f9e628fe-57f7-457d-90f5-3e17ccf5f7a4', '9932fba0-b209-462d-a3d7-6e6f1d3838bc', 'Open', '2024-09-15 00:00:00', 'Role filled');
INSERT INTO job_status_history (id, job_requisition_id, status, changed_at, reason) VALUES ('f20ec8b0-9507-4290-a4a7-d66fba30dddb', 'a5dc579a-f599-4307-a3a3-ef4843733169', 'Filled', '2022-06-25 00:00:00', 'Role filled');
INSERT INTO job_status_history (id, job_requisition_id, status, changed_at, reason) VALUES ('bb6ac0fe-30d9-44e8-873c-2bc8605fb2d9', 'a1472a00-cf8a-474e-ad25-9d8b87354d2b', 'Closed', '2023-12-15 00:00:00', 'Freeze');
INSERT INTO job_status_history (id, job_requisition_id, status, changed_at, reason) VALUES ('d7821445-7521-4c85-a1f6-a18247419496', 'deae4536-b7e5-4e23-822d-a0c295751f98', 'Filled', '2023-02-28 00:00:00', 'Reopen');
INSERT INTO job_status_history (id, job_requisition_id, status, changed_at, reason) VALUES ('7d7a4f80-d2bb-4d37-a728-0bb2eef66283', '9932fba0-b209-462d-a3d7-6e6f1d3838bc', 'Filled', '2022-07-19 00:00:00', 'Reopen');
INSERT INTO job_status_history (id, job_requisition_id, status, changed_at, reason) VALUES ('d475f769-5e93-4f9c-a764-fabf2bfe11f4', '507a3f78-b6eb-43c2-a1d6-18bd902c713d', 'Filled', '2023-10-16 00:00:00', 'Role filled');
INSERT INTO job_status_history (id, job_requisition_id, status, changed_at, reason) VALUES ('bceaf848-10db-4b21-bb3c-3c8cc212b21f', 'a5dc579a-f599-4307-a3a3-ef4843733169', 'Open', '2025-12-26 00:00:00', 'Role filled');
INSERT INTO job_status_history (id, job_requisition_id, status, changed_at, reason) VALUES ('4f31e3c8-810b-4e4e-bcbb-d47f5426daed', '1dcdeb58-b9e6-43a1-9d31-641b5c801655', 'On Hold', '2025-08-20 00:00:00', 'Role filled');
INSERT INTO job_status_history (id, job_requisition_id, status, changed_at, reason) VALUES ('26b12f52-70a0-42b4-b2fc-128f5ac5ad4d', '7991a782-2e92-43aa-aeb6-cf28e8843216', 'Closed', '2023-05-15 00:00:00', 'Budget');
INSERT INTO job_status_history (id, job_requisition_id, status, changed_at, reason) VALUES ('172930bf-9bbd-4a94-b2fc-3ff5b60ecf42', 'c1a3ddd0-6141-4e2a-9a79-61f563acc885', 'Closed', '2023-11-09 00:00:00', 'Reopen');
INSERT INTO job_status_history (id, job_requisition_id, status, changed_at, reason) VALUES ('ba3abf97-8060-44af-9769-ef59abf26892', '046b6689-be79-4078-ad10-82854c7858cd', 'Closed', '2024-04-09 00:00:00', 'Budget');
INSERT INTO job_status_history (id, job_requisition_id, status, changed_at, reason) VALUES ('79d2146b-6db4-487d-9507-33b0d879290c', 'afe35574-b1dd-4c2d-9d12-b1e914dc50b8', 'Filled', '2024-03-21 00:00:00', 'Role filled');
INSERT INTO sow (id, job_requisition_id, start_date, end_date, approved_at) VALUES ('5d6ea8fe-7389-43c8-aa50-2c7ebac5b235', '507a3f78-b6eb-43c2-a1d6-18bd902c713d', '2025-06-11 00:00:00', '2023-02-09 00:00:00', '2024-07-09 00:00:00');
INSERT INTO sow (id, job_requisition_id, start_date, end_date, approved_at) VALUES ('afccc219-ad2d-41b7-b0c7-9a0f5118585a', 'da1c59fa-f456-40e4-a4a9-9ff1b20e1a92', '2024-05-29 00:00:00', '2024-03-07 00:00:00', '2022-01-10 00:00:00');
INSERT INTO sow (id, job_requisition_id, start_date, end_date, approved_at) VALUES ('b3686805-ba18-4c1f-99e5-6fe46df10519', '0a38a28d-e7fa-4dae-8666-1c8c130239c7', '2023-03-16 00:00:00', '2023-02-26 00:00:00', '2023-07-25 00:00:00');
INSERT INTO sow (id, job_requisition_id, start_date, end_date, approved_at) VALUES ('48a28ae3-aeb8-4250-a0fa-ffa1e81c89fe', 'f64cc15a-45db-4ba5-8247-4ef798e3bad8', '2025-12-12 00:00:00', '2022-05-09 00:00:00', '2025-03-28 00:00:00');
INSERT INTO sow (id, job_requisition_id, start_date, end_date, approved_at) VALUES ('70ead74c-874b-4a17-a347-df7921947637', 'de71fc34-5071-4594-a369-65bd2c4ae21c', '2025-01-04 00:00:00', '2023-01-18 00:00:00', '2024-01-20 00:00:00');
INSERT INTO sow (id, job_requisition_id, start_date, end_date, approved_at) VALUES ('9b27b9d8-65eb-46c5-a40d-6c6f4a5e9927', 'deae4536-b7e5-4e23-822d-a0c295751f98', '2023-02-08 00:00:00', '2024-07-26 00:00:00', '2022-08-22 00:00:00');
INSERT INTO sow (id, job_requisition_id, start_date, end_date, approved_at) VALUES ('80ed90d8-e810-492a-ab8e-3e79e2f83da7', '53ad13da-61a4-4b08-8a52-72f237b73b4f', '2025-10-05 00:00:00', '2024-09-29 00:00:00', '2024-12-16 00:00:00');
INSERT INTO sow (id, job_requisition_id, start_date, end_date, approved_at) VALUES ('e8d20a21-7898-4638-94dd-73870fb5f82c', '57de6d64-d04e-4585-ab5a-bf30b2439d81', '2023-10-04 00:00:00', '2025-05-07 00:00:00', '2024-03-06 00:00:00');
INSERT INTO sow (id, job_requisition_id, start_date, end_date, approved_at) VALUES ('ff64b7f5-4ecd-4e51-9501-7af5f0a533fd', '428e791c-ec59-45e9-9bcc-713b8b967e5b', '2024-03-14 00:00:00', '2025-04-17 00:00:00', '2022-08-22 00:00:00');
INSERT INTO sow (id, job_requisition_id, start_date, end_date, approved_at) VALUES ('7f8e80c1-c618-425b-88bd-b14116aab049', '9932fba0-b209-462d-a3d7-6e6f1d3838bc', '2023-12-22 00:00:00', '2024-07-26 00:00:00', '2025-06-18 00:00:00');
INSERT INTO sow (id, job_requisition_id, start_date, end_date, approved_at) VALUES ('d4e98b7b-cecd-4d4c-a3d0-2205243d9537', 'afe35574-b1dd-4c2d-9d12-b1e914dc50b8', '2025-10-11 00:00:00', '2025-12-16 00:00:00', '2023-09-02 00:00:00');
INSERT INTO sow (id, job_requisition_id, start_date, end_date, approved_at) VALUES ('261f28d4-63dd-427f-9653-d223f9cd5eab', '27d77499-357a-4abd-b970-cfc149e17adf', '2025-06-12 00:00:00', '2025-04-23 00:00:00', '2022-06-23 00:00:00');
INSERT INTO sow (id, job_requisition_id, start_date, end_date, approved_at) VALUES ('153a39f0-c777-414e-928f-b45fab3229e3', '7991a782-2e92-43aa-aeb6-cf28e8843216', '2022-10-02 00:00:00', '2023-10-04 00:00:00', '2022-08-30 00:00:00');
INSERT INTO sow (id, job_requisition_id, start_date, end_date, approved_at) VALUES ('42783bba-41d4-421a-950e-1e50393b9975', '0625d70d-c920-46e5-880a-28dd71936595', '2023-09-18 00:00:00', '2022-08-28 00:00:00', '2023-01-10 00:00:00');
INSERT INTO sow (id, job_requisition_id, start_date, end_date, approved_at) VALUES ('d36e457c-4d3f-40d7-be91-6eb48761c705', '9932fba0-b209-462d-a3d7-6e6f1d3838bc', '2025-11-21 00:00:00', '2022-10-17 00:00:00', '2024-11-12 00:00:00');