id,panel_member_id,interview_id,role
0221333e-2274-4972-9d6c-d4e860958cb1,a9f34e18-a4c4-427f-951d-e72d792cc7aa,789a349b-2def-4189-bbb1-83cde9a3a594,Peer
06cb9f83-3fb3-41b6-ac5b-175dcef6966b,72e54aef-d0b8-489c-9bcc-4f7096b45d53,47f630ac-7195-40d8-b15d-f38ddf6674f6,SME
07cf7e3e-3a72-4f10-a792-fca8bcaade55,6a3a6e27-05a8-4314-8631-4cda51b09e35,b6178dfa-aa09-4e80-8d5a-4ef02a457528,SME
09a24ce9-aafe-4704-9721-19d5ec8d3042,6a3a6e27-05a8-4314-8631-4cda51b09e35,9c9466a0-1fef-404c-aab2-8cdeb06c9bb3,Peer
0b08f229-0496-42ed-8c4e-3aa2b7f9e45c,a7e18085-413d-4e70-8766-012e924d0345,f8a8eb5d-5e93-42a6-8f57-7926a5571795,Interviewer
0c7d91b9-a88f-44f0-a1ea-b13efd80ae0b,4bbe28a0-b4a4-4b37-a4eb-651afbeca127,e2e7314a-24e0-4cb9-9a86-0b067bc5bf02,Interviewer
0dc19622-b66b-48cd-ac97-ec3f03f2f3e8,09b2db45-f73a-40bd-b1f8-bbcabd864ddc,bd13d125-3b21-47d8-8433-33bc019d5264,Peer
0f256d91-5abb-4242-8add-cc7f3ba34e75,d34907b3-ede7-4fb2-9296-142d01f7755a,c066bda3-2a14-4a78-a924-475ba00e8a4e,Peer
10b53d8a-0dd7-46f2-9b44-ca2dfed5f672,6a3a6e27-05a8-4314-8631-4cda51b09e35,3e45d22a-77bc-4a07-b470-411c1977120a,Peer
134c7013-d681-4aac-8961-2721fdf9455d,09b2db45-f73a-40bd-b1f8-bbcabd864ddc,15155afa-2aa9-4b62-a2db-2b94fd89f534,Interviewer
14a1d079-d174-4443-a85a-20adf31f2e6f,959fc0d0-42ad-4a2c-a463-8d68d232c276,e2a5455b-a67d-4edb-841f-690f0f5f1a67,SME
17b84dd0-04cb-4102-8cec-6d54c04474f4,09b2db45-f73a-40bd-b1f8-bbcabd864ddc,789a349b-2def-4189-bbb1-83cde9a3a594,Interviewer
189d8161-1462-4817-80b6-4734b4a149cd,4d98a907-8167-4fae-a73b-cac743af7a46,7ac54f09-0744-4766-9685-dd25b58e95c7,SME
1f2ce1bc-0dae-47d4-b48c-8fd48dbe4ee7,72e54aef-d0b8-489c-9bcc-4f7096b45d53,6a979255-de7b-4a8e-af03-19d804fa55cf,Interviewer
202f4e16-d205-43bb-a792-6b884a4de79f,807cd085-3a00-499b-8ed3-66c5db074041,ca45533d-cb5f-4c2b-8a59-ebffea89a5f0,Peer
2291673a-6fa5-423a-aa94-7806a7281ce0,6a3a6e27-05a8-4314-8631-4cda51b09e35,cc318050-82ed-4d38-b1e3-a060012aa893,SME
2487e93b-da6c-4be8-958a-42e4cfe19d53,8c498c0c-a881-42d3-8c56-911b738bd528,cc318050-82ed-4d38-b1e3-a060012aa893,Interviewer
249d854a-3f8d-456b-86c7-a9991dc22cfc,a6b9e182-8efb-40c4-963d-923da24621a0,8cc30982-38cf-4346-b719-a83b2f303ea2,SME
2a4590b7-ee70-4589-a3b5-8850a30b74a2,d34907b3-ede7-4fb2-9296-142d01f7755a,800d3106-29dd-47ea-9e37-10973e989579,SME
2af950d7-0119-44ee-afd6-6a07c52e5df1,c433a27d-19f4-47bb-8c9c-92e48f3a0ae6,47f630ac-7195-40d8-b15d-f38ddf6674f6,Peer
2b64af2a-4b04-4b12-a448-7b750ea4b32f,72e54aef-d0b8-489c-9bcc-4f7096b45d53,7ac54f09-0744-4766-9685-dd25b58e95c7,Interviewer
2bb2e0d4-53f9-42c1-b62a-9bbc493fd98a,50f9cbc1-6c76-41d1-ab19-82b8199428fe,43d52a09-41e3-4d63-a4cf-10f06b46f114,Interviewer
2da9ada0-f503-4954-b72e-356f81e86af7,72e54aef-d0b8-489c-9bcc-4f7096b45d53,b7c67b2e-01a3-45ff-8517-38de145ea296,SME
2ea8ff8b-b88e-43bc-890a-e0885d814116,6a3a6e27-05a8-4314-8631-4cda51b09e35,bc2707eb-8bc2-48df-a3fb-d4c7d9cbc814,Peer
33526f87-b0d7-4aa6-9c52-283ec18d0b04,bf7071ea-b335-4e34-9610-cb5fa5f3d0ab,33374868-5e07-4ff4-81c5-8a18385cfba0,SME
335c59f7-131c-41e2-bee0-87ae7979c9ee,959fc0d0-42ad-4a2c-a463-8d68d232c276,a332d7fe-5818-4ea0-9586-6569cfb432b9,Interviewer
35a80d3e-f6d5-4163-ac21-1a8f53fda82e,d34907b3-ede7-4fb2-9296-142d01f7755a,dc9ccecf-2183-49d5-82d8-3aba500c6736,Peer
36e8bffe-8ece-4bd5-b26d-2cca067c246e,807cd085-3a00-499b-8ed3-66c5db074041,c286fe3b-2602-444c-aefc-ec4f7b43b778,Interviewer
382f1d3e-3bd4-4448-93b6-18df48a7ca2a,d34907b3-ede7-4fb2-9296-142d01f7755a,4509f9c2-5e6e-4938-b167-6810e88d848f,Interviewer
38c9b915-1e55-4bf5-94b1-4cf1bb1ba810,6a3a6e27-05a8-4314-8631-4cda51b09e35,0e620fb5-6046-4139-b3d2-ed80a5b33f7e,Peer
39c36ac0-ba3c-436f-ba4a-f0a179d97159,09b2db45-f73a-40bd-b1f8-bbcabd864ddc,0e620fb5-6046-4139-b3d2-ed80a5b33f7e,Peer
3c387034-336b-467c-b008-1c045818de76,6a3a6e27-05a8-4314-8631-4cda51b09e35,d9e03bfd-48d8-4ff9-a094-436fbf9142c2,Peer
3e8b3f10-1cc8-449b-8a91-333f83b121a4,807cd085-3a00-499b-8ed3-66c5db074041,b6178dfa-aa09-4e80-8d5a-4ef02a457528,Peer
40ad1f26-e9a7-4134-8198-43e9cf16245d,1f8a9b8f-1c3a-4753-93f7-7af4f80dd4c4,9c9466a0-1fef-404c-aab2-8cdeb06c9bb3,Interviewer
416aa72a-9551-4427-b7ea-2204634cd48f,a6b9e182-8efb-40c4-963d-923da24621a0,0deffb9c-ff3c-4971-8a1f-5f8ca8f8bbc4,Interviewer
41dca898-2321-4621-84b2-d568e8ed50bb,d34907b3-ede7-4fb2-9296-142d01f7755a,0deffb9c-ff3c-4971-8a1f-5f8ca8f8bbc4,Interviewer
446e2a16-2890-44ed-b05e-dbd86d8b9407,1f8a9b8f-1c3a-4753-93f7-7af4f80dd4c4,c286fe3b-2602-444c-aefc-ec4f7b43b778,Peer
468de41e-8f9d-4a8a-95b9-2c7fd16610c2,807cd085-3a00-499b-8ed3-66c5db074041,c498a944-fbad-4be4-99b4-e8295701a570,Interviewer
473afbbf-b8b7-443a-9677-4b7b0eca1da2,50f9cbc1-6c76-41d1-ab19-82b8199428fe,0e418701-57b3-4a20-b40e-f21118bcf9dd,Peer
479ee3ef-0604-46fa-8fe4-87a80dd28a6c,d34907b3-ede7-4fb2-9296-142d01f7755a,b5395ddf-65ae-4429-9127-3a92108e24de,Peer
49634135-d506-44ca-94cc-89acea9e01ca,4bbe28a0-b4a4-4b37-a4eb-651afbeca127,2d4f8459-8e96-488e-aa46-12e36b8cb1a1,Interviewer
496761cf-6ff2-4625-883a-f7ce1a4443f9,72e54aef-d0b8-489c-9bcc-4f7096b45d53,c4f4d3d7-6e7d-4e43-ae06-38839e967474,SME
4cb75e6d-c127-4048-80fe-51664f2557e5,d34907b3-ede7-4fb2-9296-142d01f7755a,a9c15925-7a91-4364-a069-c0b226d1a191,SME
4f69e825-7fb5-4b4b-a4f5-15e814193da6,959fc0d0-42ad-4a2c-a463-8d68d232c276,bc036d3c-becf-426d-8800-078ac01b34bf,Peer
544f6dea-3664-4720-bd30-b5b45f16e324,a6b9e182-8efb-40c4-963d-923da24621a0,c1e6a86b-aaab-4b96-9601-fa676fec656a,SME
5890b022-f59f-44dc-add5-a3193ea3285b,09b2db45-f73a-40bd-b1f8-bbcabd864ddc,3c93c766-e3a6-4995-b7e1-1be30f7a2f16,SME
5a3c65ef-dbf3-4bd4-b9fb-645d714a450b,a9f34e18-a4c4-427f-951d-e72d792cc7aa,6ab4bd3f-97ed-44a2-8d77-d39d360c6bab,SME
5c10e9b0-f25b-4152-9c50-ebb75b2248f3,4d98a907-8167-4fae-a73b-cac743af7a46,beb10d56-8426-4e2e-8d28-1929105e0acf,Peer
5d14860c-554d-440b-9d41-7877c764426c,4bbe28a0-b4a4-4b37-a4eb-651afbeca127,33374868-5e07-4ff4-81c5-8a18385cfba0,Peer
5e4ab812-91a2-47da-a244-789f85de0449,6a3a6e27-05a8-4314-8631-4cda51b09e35,344699a2-5cd5-4c60-a9ba-218c066412d9,Peer
5fa84c42-b618-40f3-9e75-4709f2735700,807cd085-3a00-499b-8ed3-66c5db074041,0deffb9c-ff3c-4971-8a1f-5f8ca8f8bbc4,SME
632de91f-d2a5-4dd2-9931-0a03a595561f,8c498c0c-a881-42d3-8c56-911b738bd528,9941351f-5b85-416c-b650-5237a712cd25,Peer
6585498f-2cf8-456c-b709-646d149b2258,bf7071ea-b335-4e34-9610-cb5fa5f3d0ab,80e14a91-0358-4105-bf35-8624a6e75589,Peer
67598618-513f-4564-9db8-13a7a2824a59,6a3a6e27-05a8-4314-8631-4cda51b09e35,bc036d3c-becf-426d-8800-078ac01b34bf,SME
684239a8-7785-44e4-a47d-c8296efe2ce7,50f9cbc1-6c76-41d1-ab19-82b8199428fe,783ad186-57d6-4bb8-8723-06f4861048fe,Peer
695f5477-16e8-47f0-83e9-161faf143e36,50f9cbc1-6c76-41d1-ab19-82b8199428fe,3c93c766-e3a6-4995-b7e1-1be30f7a2f16,Peer
6d8b377f-9a02-4df1-8df3-1d9172d92437,09b2db45-f73a-40bd-b1f8-bbcabd864ddc,0e418701-57b3-4a20-b40e-f21118bcf9dd,Interviewer
717bc5b0-a4cf-4bdb-ada4-da79d25b3b62,6a3a6e27-05a8-4314-8631-4cda51b09e35,9941351f-5b85-416c-b650-5237a712cd25,Peer
71a557db-f705-4f42-8526-67bb1764d8ed,a9f34e18-a4c4-427f-951d-e72d792cc7aa,dc9ccecf-2183-49d5-82d8-3aba500c6736,Peer
71a99a6b-e256-462e-a867-c843d047087e,6a3a6e27-05a8-4314-8631-4cda51b09e35,016e31f9-7030-412e-b413-ba41689c3cc9,Interviewer
73f6f7f5-4c18-4152-b238-052838b18963,a9f34e18-a4c4-427f-951d-e72d792cc7aa,e2a5455b-a67d-4edb-841f-690f0f5f1a67,Peer
78a7e0d5-768f-446f-8763-dbf93f334e67,d34907b3-ede7-4fb2-9296-142d01f7755a,1bde0ee4-bbb8-42ff-bdb3-4d560795c1cd,Peer
7946e8cf-038b-4dd0-9c18-112f1c60b277,09b2db45-f73a-40bd-b1f8-bbcabd864ddc,b5395ddf-65ae-4429-9127-3a92108e24de,SME
7a5790d3-60fe-435e-9979-b360def9765e,09b2db45-f73a-40bd-b1f8-bbcabd864ddc,6a979255-de7b-4a8e-af03-19d804fa55cf,SME
7e127cc0-ff80-43e0-a66e-94fc44f61dab,6a3a6e27-05a8-4314-8631-4cda51b09e35,44b5a1fd-f8b6-4539-81d6-b5eb0a275a80,Peer
7ebd8745-9826-4df2-bc71-56c4b8d46b15,8c498c0c-a881-42d3-8c56-911b738bd528,ecd648e1-43c2-4daa-ac67-776003e19e86,Peer
812cd658-eaec-4529-8193-3662c205b5df,1f8a9b8f-1c3a-4753-93f7-7af4f80dd4c4,9f2997a4-384e-43f9-b4e0-83404644653c,Peer
864e3798-fb7b-4768-8676-1749b366eea5,34948c48-ce8e-40d2-bd3d-8daa44be3d4f,c1e6a86b-aaab-4b96-9601-fa676fec656a,Interviewer
8cbd11c3-4af9-4844-8245-ee9d8b648edb,6a3a6e27-05a8-4314-8631-4cda51b09e35,8cc30982-38cf-4346-b719-a83b2f303ea2,SME
90b74fb2-61ed-414c-8a79-857d37be3ed5,a9f34e18-a4c4-427f-951d-e72d792cc7aa,b5d4c4de-c8f5-48bb-b0c7-a980b4c9be6d,Peer
90d91878-7c6a-47c0-9283-e968097eb920,807cd085-3a00-499b-8ed3-66c5db074041,f8a8eb5d-5e93-42a6-8f57-7926a5571795,Interviewer
93168c79-f18c-43ac-a7b2-a6a5a55fe9a1,09b2db45-f73a-40bd-b1f8-bbcabd864ddc,ca45533d-cb5f-4c2b-8a59-ebffea89a5f0,Peer
93249b32-146d-4e27-82c2-4e8e3d124c6e,8c498c0c-a881-42d3-8c56-911b738bd528,3e45d22a-77bc-4a07-b470-411c1977120a,Peer
93461bdf-923c-4bad-b20d-c4a062dc06de,4bbe28a0-b4a4-4b37-a4eb-651afbeca127,e2a5455b-a67d-4edb-841f-690f0f5f1a67,Interviewer
94250b25-97d3-4a7a-bf10-07f821f143a9,72e54aef-d0b8-489c-9bcc-4f7096b45d53,c0b132e6-6018-43b5-924c-6e168903a166,SME
94bc6b56-a7ae-4df4-b922-de03c5fef7e0,8c498c0c-a881-42d3-8c56-911b738bd528,bced34b6-2d9b-4d32-ade9-83fa29dab251,Peer
964645c5-7c41-4255-94c6-76065d82c94a,72e54aef-d0b8-489c-9bcc-4f7096b45d53,1bde0ee4-bbb8-42ff-bdb3-4d560795c1cd,Interviewer
99699c0d-53b6-41ce-a7fc-3a4dbd8f3e5a,8c498c0c-a881-42d3-8c56-911b738bd528,800d3106-29dd-47ea-9e37-10973e989579,SME
9aae164f-cfb1-4c03-a4f2-1e2374bba194,09b2db45-f73a-40bd-b1f8-bbcabd864ddc,344699a2-5cd5-4c60-a9ba-218c066412d9,Interviewer
9dab4270-744a-4165-a3f0-00e9d6ebe854,6a3a6e27-05a8-4314-8631-4cda51b09e35,43d52a09-41e3-4d63-a4cf-10f06b46f114,Interviewer
9ee045a2-9c63-4373-9022-0e34bbb264a9,8c498c0c-a881-42d3-8c56-911b738bd528,c1e6a86b-aaab-4b96-9601-fa676fec656a,SME
9f6c522b-257e-444c-8769-050009edaf76,807cd085-3a00-499b-8ed3-66c5db074041,1bde0ee4-bbb8-42ff-bdb3-4d560795c1cd,Interviewer
a16e6c1c-1b9b-4955-b34e-24027cb0ccce,a9f34e18-a4c4-427f-951d-e72d792cc7aa,68966105-b923-410c-84eb-e378e608bb5b,SME
a5273ee7-e723-4fb2-8b3a-270148766aad,4bbe28a0-b4a4-4b37-a4eb-651afbeca127,f3dde7bc-114c-4e2d-93f4-648c8d09f3b8,Interviewer
ad2b7643-c8dd-4e70-9691-4af51cbb13aa,d34907b3-ede7-4fb2-9296-142d01f7755a,016e31f9-7030-412e-b413-ba41689c3cc9,SME
ad33ef68-cec7-46cd-9030-53d5055f78f5,a6b9e182-8efb-40c4-963d-923da24621a0,68966105-b923-410c-84eb-e378e608bb5b,SME
ae2a5c98-3912-45f7-a600-c22c1064f0fa,1f8a9b8f-1c3a-4753-93f7-7af4f80dd4c4,dc9ccecf-2183-49d5-82d8-3aba500c6736,SME
aeebfd96-c316-493f-9683-3fee01ebda36,c433a27d-19f4-47bb-8c9c-92e48f3a0ae6,33374868-5e07-4ff4-81c5-8a18385cfba0,SME
afac8191-b0f4-4a2d-a8e1-0a39b46d1a3c,d34907b3-ede7-4fb2-9296-142d01f7755a,0e418701-57b3-4a20-b40e-f21118bcf9dd,SME
b185f99e-3d4c-4bef-b342-233212267e57,807cd085-3a00-499b-8ed3-66c5db074041,44b5a1fd-f8b6-4539-81d6-b5eb0a275a80,SME
b390c9a9-0e11-48bb-828a-665808ed986d,50f9cbc1-6c76-41d1-ab19-82b8199428fe,bd13d125-3b21-47d8-8433-33bc019d5264,Interviewer
b55b0469-26e4-4737-912d-f8dbc1595594,4d98a907-8167-4fae-a73b-cac743af7a46,2d4f8459-8e96-488e-aa46-12e36b8cb1a1,Peer
b6b5d338-3a0b-44e4-9714-0447bd4cbd70,72e54aef-d0b8-489c-9bcc-4f7096b45d53,016e31f9-7030-412e-b413-ba41689c3cc9,SME
b847e006-fb25-4c55-84bb-f6d637ce9656,959fc0d0-42ad-4a2c-a463-8d68d232c276,43d52a09-41e3-4d63-a4cf-10f06b46f114,Interviewer
bc39bc27-ed1f-4692-92a8-392aaa0ba4da,72e54aef-d0b8-489c-9bcc-4f7096b45d53,e772a6eb-d734-47ce-8ef7-3f51bfd5dea9,Peer
bc677dab-82df-423c-ac8a-5317f59b9558,bf7071ea-b335-4e34-9610-cb5fa5f3d0ab,4519582a-9c8b-488a-ac34-8afe59d4a3f8,Interviewer
bc956ee3-1695-4ce7-9a9c-b5aa4e7ddd6d,a6b9e182-8efb-40c4-963d-923da24621a0,c066bda3-2a14-4a78-a924-475ba00e8a4e,Interviewer
bd0a1eba-0fe6-400d-95c5-f8e10a950cc0,6a3a6e27-05a8-4314-8631-4cda51b09e35,6ab4bd3f-97ed-44a2-8d77-d39d360c6bab,Peer
bd651d29-48f8-4a6b-982d-0f3109d4234f,1f8a9b8f-1c3a-4753-93f7-7af4f80dd4c4,a62b854d-ccb7-40de-96ad-0e575d11e0d7,Interviewer
c11cfaef-e620-456f-b8e0-a00e885bc58d,50f9cbc1-6c76-41d1-ab19-82b8199428fe,b7c67b2e-01a3-45ff-8517-38de145ea296,Peer
c6d4c3ee-de9b-4f6c-8879-1c179e12d571,35a00db8-5de3-43b6-b728-71f905132f1d,8744464d-cf08-4a1b-a5ce-b69ff42e25ec,Interviewer
c7225d4c-fd30-42c6-bb78-af26b9bfa66c,c433a27d-19f4-47bb-8c9c-92e48f3a0ae6,e772a6eb-d734-47ce-8ef7-3f51bfd5dea9,Interviewer
cbd9a9cb-afcf-4a49-923f-85356017e1fd,c433a27d-19f4-47bb-8c9c-92e48f3a0ae6,ecd648e1-43c2-4daa-ac67-776003e19e86,SME
cd5fd092-4ef9-46f1-a982-89779c49c75a,4d98a907-8167-4fae-a73b-cac743af7a46,bc2707eb-8bc2-48df-a3fb-d4c7d9cbc814,Interviewer
cf4d6ea0-bb88-4631-802d-6ec473e8d285,6a3a6e27-05a8-4314-8631-4cda51b09e35,800d3106-29dd-47ea-9e37-10973e989579,Peer
d4f41049-7c24-416e-a1c3-2b098f2f7f61,8c498c0c-a881-42d3-8c56-911b738bd528,bd13d125-3b21-47d8-8433-33bc019d5264,Peer
d705f1a8-aa49-439e-b1ad-661a581b92ad,a6b9e182-8efb-40c4-963d-923da24621a0,a332d7fe-5818-4ea0-9586-6569cfb432b9,Peer
d83967b8-69d2-4ee6-be0d-efae8ce0c589,c433a27d-19f4-47bb-8c9c-92e48f3a0ae6,783ad186-57d6-4bb8-8723-06f4861048fe,Peer
db8c4b66-311e-41bf-bae7-c6c1efa4a4f6,34948c48-ce8e-40d2-bd3d-8daa44be3d4f,789a349b-2def-4189-bbb1-83cde9a3a594,Peer
e20b9f57-ad1b-4849-a7a3-513f369954ec,35a00db8-5de3-43b6-b728-71f905132f1d,7ac54f09-0744-4766-9685-dd25b58e95c7,Peer
e2a9d898-03f0-4529-abe5-f29b33d859ce,a9f34e18-a4c4-427f-951d-e72d792cc7aa,47f630ac-7195-40d8-b15d-f38ddf6674f6,Peer
e529bbde-7880-45c6-a492-633f01a36046,72e54aef-d0b8-489c-9bcc-4f7096b45d53,31739c54-431a-481b-9dc5-47a6ff07015d,Peer
e9ab7489-12e1-46e3-9c8c-ad88dbe217ba,35a00db8-5de3-43b6-b728-71f905132f1d,14aa57c9-e69a-4f6a-b333-084aa8b7dbb5,Peer
e9d6783e-06ba-4fc4-876b-02ca8d206c21,a6b9e182-8efb-40c4-963d-923da24621a0,8744464d-cf08-4a1b-a5ce-b69ff42e25ec,SME
ecb87424-fddf-42a1-8c76-176b8f2c94da,34948c48-ce8e-40d2-bd3d-8daa44be3d4f,de7f15e7-e0d4-4777-8927-766e6f54acf3,Peer
f3af5a3a-1b8a-4734-bc8b-98365b71bfea,8c498c0c-a881-42d3-8c56-911b738bd528,2d4f8459-8e96-488e-aa46-12e36b8cb1a1,SME
f61c2480-2569-4bf8-abab-a0fea9a9bbf4,d34907b3-ede7-4fb2-9296-142d01f7755a,3e45d22a-77bc-4a07-b470-411c1977120a,Peer
f9861ded-251a-40ac-a0e7-5032bdd98647,35a00db8-5de3-43b6-b728-71f905132f1d,c066bda3-2a14-4a78-a924-475ba00e8a4e,SME
fdc16d1a-5b19-4db7-a22a-98adc6721282,a7e18085-413d-4e70-8766-012e924d0345,e772a6eb-d734-47ce-8ef7-3f51bfd5dea9,SME
febce533-997c-45a9-9d45-49d031b7fcea,4bbe28a0-b4a4-4b37-a4eb-651afbeca127,d9e03bfd-48d8-4ff9-a094-436fbf9142c2,Interviewer
ff05009a-1a0c-4177-86eb-9f7a05fcdf45,50f9cbc1-6c76-41d1-ab19-82b8199428fe,31739c54-431a-481b-9dc5-47a6ff07015d,Interviewer
ff2f6188-fd1f-49cc-8204-4afd0191f2e0,bf7071ea-b335-4e34-9610-cb5fa5f3d0ab,beb10d56-8426-4e2e-8d28-1929105e0acf,SME
